"num","pos","player.x","player.y","club","team","league","total","player_id","dist","check_needed"
1,"D","NICO O'REILLY","NICO O'REILLY","Manchester City","Manchester City","PL",9,145087,0,FALSE
2,"D","MALACHI FAGAN-WALCOTT","MALACHI BOATENG","York","Plymouth","CH",8,143882,0.235531135531136,TRUE
3,"D","RYAN MANNING","RYAN MANNING","Southampton","Southampton","CH",8,100390,0,FALSE
4,"D","VIRGIL VAN DIJK","VIRGIL VAN DIJK","Liverpool","Liverpool","PL",8,59442,0,FALSE
5,"D","ADAM SENIOR","ADAM SENIOR","Barnet","Barnet","L2",7,123243,0,FALSE
6,"D","OMAR SOWUNMI","OMAR SOWUNMI","Bromley","Bromley","L1",7,78528,0,FALSE
7,"D","TAYLOR HARWOOD-BELLIS","TAYLOR HARWOOD-BELLIS","Southampton","Southampton","CH",7,116341,0,FALSE
8,"D","ADEBOLA OLUWO","ADEBOLA OLUWO","Salford","Salford","L2",6,134897,0,FALSE
9,"D","JAMES GIBBONS","JAMES GIBBONS","Cambridge","Notts County","L1",6,94209,0,FALSE
10,"D","KELL WATTS","KELLAND WATTS","Cambridge","Cambridge","L1",6,115858,0.126923076923077,FALSE
11,"D","KYRAN LOFTHOUSE","KYRAN LOFTHOUSE","Burton","Burton","L1",6,118938,0,FALSE
13,"D","MICKY VAN DE VEN","MICKY VAN DE VEN","Tottenham","Tottenham","PL",6,144519,0,FALSE
14,"D","PERRY NG","PERRY NG","Cardiff","Cardiff","CH",6,76805,0,FALSE
15,"D","TENDAYI DARIKWA","TENDAYI DARIKWA","Lincoln","Lincoln","CH",6,55808,0,FALSE
16,"D","CRISTIAN ROMERO","CRISTIAN ROMERO","Tottenham","Tottenham","PL",5,114081,0,FALSE
17,"D","DANIEL MUNOZ","DANIEL MUNOZ","Crystal Palace","Crystal Palace","PL",5,124929,0,FALSE
18,"D","HARRISON BURROWS","HARRISON BURROWS","Sheffield United","Sheffield United","CH",5,107549,0,FALSE
19,"D","JAMES BREE","JAMES BREE","Southampton","Southampton","CH",5,75858,0,FALSE
20,"D","KYRON GORDON","KYRON GORDON","Rochdale","Stockport","L1",5,133195,0,FALSE
21,"D","MALICK THIAW","MALICK THIAW","Newcastle","Newcastle","PL",5,129588,0,FALSE
22,"D","MARC GUEHI","MARC GUEHI","Manchester City","Manchester City","PL",5,109235,0,FALSE
23,"D","NATHAN SMITH","NATHAN SMITH","Tranmere","Tranmere","L2",5,75652,0,FALSE
24,"D","PRIESTLEY FARQUHARSON","PRIESTLEY FARQUHARSON","Walsall","Crawley","L2",5,118589,0,FALSE
25,"D","TERRY DEVLIN","TERRY DEVLIN","Portsmouth","Portsmouth","CH",5,134838,0,FALSE
26,"D","ADAM REACH","ADAM REACH","Lincoln","Lincoln","CH",4,59372,0,FALSE
27,"D","BRENDAN WIREDU","BRENDAN WIREDU","Plymouth","Plymouth","CH",4,118599,0,FALSE
28,"D","EVAN WEIR","EVAN WEIR","Walsall","Peterborough","L1",4,136286,0,FALSE
29,"D","GABRIEL","GABRIEL OSHO","Arsenal","Cardiff","CH",4,96389,0.138888888888889,TRUE
31,"D","JAKE COOPER","JAKE COOPER","Millwall","Millwall","CH",4,74273,0,FALSE
32,"D","JURRIEN TIMBER","JURRIEN TIMBER","Arsenal","Arsenal","PL",4,121666,0,FALSE
33,"D","LASSE SORENSEN","LASSE SORENSEN","Huddersfield","Huddersfield","L1",4,107523,0,FALSE
34,"D","LUKE GARBUTT","LUKE GARBUTT","Salford","Salford","L2",4,53091,0,FALSE
35,"D","MARK KITCHING","MARK KITCHING","York","York","L2",4,75594,0,FALSE
36,"D","MATHIAS ROSS","MATHIAS ROSS","Plymouth","Plymouth","CH",4,115562,0,FALSE
37,"D","MATT TARGETT","MATT TARGETT","Middlesbrough","Hull","CH",4,72639,0,FALSE
38,"D","MICKEY DEMETRIOU","MICKEY DEMETRIOU","Crewe","Crewe","L2",4,58275,0,FALSE
39,"D","PATRICK DORGU","PATRICK DORGU","Manchester United","Manchester United","PL",4,181342,0,FALSE
40,"D","REECE HUTCHINSON","REECE HUTCHINSON","Crewe","Crewe","L2",4,111717,0,FALSE
41,"D","ROB ATKINSON","ROB ATKINSON","Bristol City","Bristol City","CH",4,108814,0,FALSE
42,"D","RYAN JOHNSON","RYAN JOHNSON","Wimbledon","Wimbledon","L1",4,73680,0,FALSE
43,"D","SANTIAGO BUENO","SANTIAGO BUENO","Wolves","Wolves","CH",4,105564,0,FALSE
44,"D","TOM SANG","TOM SANG","Shrewsbury","Shrewsbury","L2",4,128574,0,FALSE
45,"D","WILL BOYLE","WILL BOYLE","Shrewsbury","Shrewsbury","L2",4,76329,0,FALSE
46,"D","ALEX HARTRIDGE","ALEX HARTRIDGE","Burton","Plymouth","CH",3,101667,0,FALSE
47,"D","ALEX MITCHELL","ALEX MITCHELL","Plymouth","Plymouth","CH",3,138997,0,FALSE
48,"D","ANDREW ROBERTSON","ANDY ROBERTSON","Liverpool","Tottenham","PL",3,65797,0.163232600732601,TRUE
49,"D","BEN WILMOT","BEN WILMOT","Stoke","Stoke","CH",3,97353,0,FALSE
50,"D","BOBBY THOMAS","BOBBY THOMAS","Coventry","Coventry","PL",3,130140,0,FALSE
51,"D","CALEB TAYLOR","CALEB TAYLOR","Millwall","Millwall","CH",3,134566,0,FALSE
52,"D","CALLUM DOYLE","CALLUM DOYLE","Wrexham","Wrexham","CH",3,136373,0,FALSE
53,"D","CALUM CHAMBERS","CALUM CHAMBERS","Cardiff","Cardiff","CH",3,66152,0,FALSE
54,"D","CAMERON MCJANNET","CAMERON MCJANNET","Grimsby","Grimsby","L2",3,96572,0,FALSE
55,"D","CAMERON NORMAN","CAMERON NORMAN","Tranmere","Newport","L2",3,88887,0,FALSE
56,"D","CARL PIERGIANNI","CARL PIERGIANNI","Stevenage","Stevenage","L1",3,54258,0,FALSE
57,"D","CEDRIC KIPRE","CEDRIC KIPRE","Ipswich","Ipswich","PL",3,88113,0,FALSE
58,"D","CHRISTOPH KLARER","CHRISTOPH KLARER","Birmingham","Birmingham","CH",3,107794,0,FALSE
59,"D","CIARON BROWN","CIARON BROWN","Oxford","Oxford","L1",3,94472,0,FALSE
60,"D","CONNOR BARRETT","CONNOR BARRETT","Walsall","Wigan","L1",3,144192,0,FALSE
61,"D","DAEL FRY","DAEL FRY","Middlesbrough","Birmingham","CH",3,86870,0,FALSE
62,"D","DAN CASEY","DAN CASEY","Wycombe","Wycombe","L1",3,96486,0,FALSE
63,"D","DANNY COLLINGE","DANNY COLLINGE","Barnet","Barnet","L2",3,74869,0,FALSE
64,"D","DEJI ELEREWE","DEJI ELEREWE","Bromley","Lincoln","CH",3,143709,0,FALSE
65,"D","DENZEL HALL","DENZEL HALL","Rotherham","Rotherham","L2",3,121681,0,FALSE
66,"D","EOIN TOAL","EOIN TOAL","Bolton","Bolton","CH",3,105812,0,FALSE
67,"D","HARVEY RODGERS","HARVEY RODGERS","Grimsby","Grimsby","L2",3,95743,0,FALSE
68,"D","JACK GRIMMER","JACK GRIMMER","Wycombe","Wycombe","L1",3,53589,0,FALSE
69,"D","JAMES CONNOLLY","JAMES CONNOLLY","Crewe","Walsall","L2",3,149130,0,FALSE
71,"D","JAN PAUL VAN HECKE","JAN PAUL VAN HECKE","Brighton","Tottenham","PL",3,116885,0,FALSE
72,"D","JANNIK VESTERGAARD","JANNIK VESTERGAARD","Leicester","Leicester","L1",3,58181,0,FALSE
73,"D","JAYDEN JOSEPH","JAYDEN JOSEPH","Tranmere","Leicester","L1",3,171217,0,FALSE
74,"D","JAYDEN SWEENEY","JAYDEN SWEENEY","Grimsby","Grimsby","L2",3,122977,0,FALSE
75,"D","JEREMY NGAKIA","JEREMY NGAKIA","Watford","Watford","CH",3,117105,0,FALSE
76,"D","JIMMY DUNNE","JIMMY DUNNE","QPR","QPR","CH",3,104226,0,FALSE
77,"D","JOE RAFFERTY","JOE RAFFERTY","Rotherham","Rotherham","L2",3,66012,0,FALSE
78,"D","JOE WRIGHT","JOE WRIGHT","Bradford","Bradford","L1",3,73429,0,FALSE
79,"D","JOE WRIGHT","JOE WRIGHT","Bradford","Barnet","L2",3,133354,0,FALSE
80,"D","JOHN EGAN","JOHN EGAN","Hull","Hull","CH",3,62920,0,FALSE
81,"D","JORDI OSEI-TUTU","JORDI OSEI-TUTU","Bolton","Bolton","CH",3,108548,0,FALSE
82,"D","KAL NAISMITH","KAL NAISMITH","Luton","Luton","L1",3,62081,0,FALSE
83,"D","KONSTANTINOS MAVROPANOS","KONSTANTINOS MAVROPANOS","West Ham","West Ham","CH",3,95481,0,FALSE
84,"D","LEWIS FREESTONE","LEWIS FREESTONE","Stevenage","Stevenage","L1",3,96031,0,FALSE
85,"D","LEWIS SHIPLEY","LEWIS MILEY","Barrow","Newcastle","PL",3,166509,0.107226107226107,TRUE
86,"D","LIAM LINDSAY","LIAM LINDSAY","Preston","Preston","CH",3,71286,0,FALSE
87,"D","LUCA HOOLE","LUCA HOOLE","Shrewsbury","Shrewsbury","L2",3,123218,0,FALSE
88,"D","LUCAS NESS","LUCAS NESS","Notts County","Notts County","L1",3,145981,0,FALSE
89,"D","LUKE OFFORD","LUKE OFFORD","Milton Keynes","Crewe","L2",3,109180,0,FALSE
90,"D","MALO GUSTO","MALO GUSTO","Chelsea","Chelsea","PL",3,134991,0,FALSE
91,"D","MARCUS IFILL","MARCUS IFILL","Bromley","Bromley","L1",3,124487,0,FALSE
92,"D","MATT CLARKE","MATT CLARKE","Derby","Derby","CH",3,74339,0,FALSE
93,"D","MATTY CASH","MATTY CASH","Aston Villa","Aston Villa","PL",3,90314,0,FALSE
94,"D","MAX CLARK","MAX CLARK","Gillingham","Gillingham","L2",3,90682,0,FALSE
95,"D","MAX CLEWORTH","MAX CLEWORTH","Wrexham","Wrexham","CH",3,125237,0,FALSE
96,"D","MAXENCE LACROIX","MAXENCE LACROIX","Crystal Palace","Chelsea","PL",3,122692,0,FALSE
97,"D","MICHAEL KEANE","MICHAEL KEANE","Everton","Everton","PL",3,62462,0,FALSE
98,"D","NAT PHILLIPS","MATT PHILLIPS","West Bromwich","Stevenage","L1",3,49017,0.0790598290598291,TRUE
99,"D","NIALL CANAVAN","NIALL ENNIS","Barrow","Blackpool","L1",3,105846,0.219114219114219,TRUE
100,"D","NORDI MUKIELE","NORDI MUKIELE","Sunderland","Sunderland","PL",3,95035,0,FALSE
101,"D","PAUDIE O'CONNOR","PAUDIE O'CONNOR","Reading","Reading","L1",3,107311,0,FALSE
102,"D","PHIL NEUMANN","PHIL NEUMANN","Birmingham","Birmingham","CH",3,95767,0,FALSE
103,"D","ROSS MCCRORIE","ROSS BARKLEY","Bristol City","Aston Villa","PL",3,56987,0.292735042735043,TRUE
104,"D","ROSS MCCRORIE","RIO CARDINES","Bristol City","Crystal Palace","PL",3,178122,0.292735042735043,TRUE
105,"D","RYAN LEONARD","RYAN LEONARD","Millwall","Millwall","CH",3,53497,0,FALSE
106,"D","RYAN SESSEGNON","RYAN SESSEGNON","Fulham","Fulham","PL",3,94024,0,FALSE
107,"D","SONDRE LANGAS","SONDRE LANGAS","Derby","Derby","CH",3,181025,0,FALSE
108,"D","SONNY BRADLEY","SONNY BRADLEY","Lincoln","Lincoln","CH",3,58162,0,FALSE
109,"D","STEPHEN MCLAUGHLIN","STEPHEN MCLAUGHLIN","Mansfield","Mansfield","L1",3,58545,0,FALSE
110,"D","THIERRY SMALL","THIERRY SMALL","Preston","Preston","CH",3,137557,0,FALSE
111,"D","TREVOH CHALOBAH","TREVOH CHALOBAH","Chelsea","Chelsea","PL",3,96784,0,FALSE
112,"D","TRISTAN CRAMA","TRISTAN CRAMA","Millwall","Millwall","CH",3,168588,0,FALSE
113,"D","TYRICK MITCHELL","TYRICK MITCHELL","Crystal Palace","Crystal Palace","PL",3,128033,0,FALSE
114,"D","ADAM MAYOR","ADAM MURPHY","Cambridge","Bristol City","CH",2,143162,0.199242424242424,TRUE
115,"D","ADEN BALDWIN","ADEN BALDWIN","Bradford","Bradford","L1",2,78008,0,FALSE
116,"D","ADEN FLINT","ADEN FLINT","Walsall","Walsall","L2",2,50198,0,FALSE
117,"D","ALFIE POND","ALFIE POND","Crewe","Chesterfield","L2",2,134572,0,FALSE
118,"D","AMADOU MBENGUE","AMADOU MBENGUE","QPR","QPR","CH",2,144468,0,FALSE
119,"D","ANDRE GARCIA","ANDRE GARCIA","Reading","Reading","L1",2,196251,0,FALSE
120,"D","BEN BROOKES","BEN BROOKES","York","York","L2",2,174105,0,FALSE
121,"D","BEN BROOKES","BEN BROOKES","York","York","L2",2,181423,0,FALSE
123,"D","BEN JOHNSON","BEN JOHNSON","Ipswich","Ipswich","PL",2,97116,0,FALSE
124,"D","BENN WARD","BENN WARD","Accrington","Reading","L1",2,181536,0,FALSE
125,"D","BRAD POTTS","BRAD POTTS","Preston","Preston","CH",2,66008,0,FALSE
126,"D","BRENDAN GALLOWAY","BRENDAN GALLOWAY","Plymouth","Plymouth","CH",2,63197,0,FALSE
127,"D","CAMERON BURGESS","CAMERON BURGESS","Swansea","Swansea","CH",2,76793,0,FALSE
128,"D","CAMERON EVANS","CAMERON EVANS","Newport","Newport","L2",2,115468,0,FALSE
129,"D","CHANSE HEADMAN","CHANSE HEADMAN","Harrogate","Bromley","L1",2,195941,0,FALSE
130,"D","CHRIS RICHARDS","CHRIS RICHARDS","Crystal Palace","Crystal Palace","PL",2,111665,0,FALSE
132,"D","CONNOR HALL","CONNOR HALL","Port Vale","Port Vale","L2",2,95380,0,FALSE
133,"D","CONNOR TAYLOR","CONNOR TAYLOR","Wycombe","Wycombe","L1",2,137154,0,FALSE
134,"D","CONOR MASTERSON","CONOR MASTERSON","Gillingham","Gillingham","L2",2,89682,0,FALSE
135,"D","CONOR SHAUGHNESSY","CONOR SHAUGHNESSY","Portsmouth","Portsmouth","CH",2,106486,0,FALSE
137,"D","DAN BALLARD","DAN BALLARD","Sunderland","Sunderland","PL",2,116942,0,FALSE
138,"D","DAN BURN","DAN BURN","Newcastle","Newcastle","PL",2,52681,0,FALSE
139,"D","DAN MOSS","DANIEL MOSS","Rochdale","Rochdale","L2",2,144448,0.0909090909090908,FALSE
140,"D","DAN SWEENEY","DAN SWEENEY","Stevenage","Wimbledon","L1",2,89616,0,FALSE
141,"D","DANNY IMRAY","DANNY IMRAY","Blackpool","Wrexham","CH",2,129185,0,FALSE
142,"D","DANNY IMRAY","DANNY IMRAY","West Bromwich","Wrexham","CH",1,129185,0,FALSE
143,"D","DAVID MOLLER WOLFE","DAVID MOLLER WOLFE","Wolves","Wolves","CH",2,137780,0,FALSE
144,"D","DYLAN LAWLOR","DYLAN LAWLOR","Cardiff","Cardiff","CH",2,191855,0,FALSE
145,"D","DYNEL SIMEU","DYLAN SULEIMAN","Oldham","Stevenage","L1",2,209754,0.258874458874459,TRUE
146,"D","ETHAN EBANKS-LANDELL","ETHAN EBANKS-LANDELL","Rochdale","Rochdale","L2",2,58056,0,FALSE
147,"D","EZRE KONSA","EZRI KONSA","Aston Villa","Aston Villa","PL",2,89575,0.0666666666666668,FALSE
148,"D","FARREND RAWSON","FARREND RAWSON","Accrington","Accrington","L2",2,77612,0,FALSE
149,"D","FINLEY MUNROE","FINLEY MUNROE","Swindon","Middlesbrough","CH",2,180653,0,FALSE
150,"D","HARRISON BURKE","HARRISON BURKE","Walsall","Walsall","L2",2,137366,0,FALSE
151,"D","HARRY MAGUIRE","HARRY MAGUIRE","Manchester United","Manchester United","PL",2,58712,0,FALSE
152,"D","HAYDEN CARTER","HAYDEN CARTER","Blackburn","Blackburn","CH",2,129271,0,FALSE
153,"D","IBANE BOWAT","IBANE BOWAT","Portsmouth","Portsmouth","CH",2,179271,0,FALSE
154,"D","IBRAHIMA KONATE","IBRAHIM BAKARE","Liverpool","Cheltenham","L2",2,122973,0.142063492063492,TRUE
155,"D","IDRIS ODUTAYO","IDRIS KANU","Bromley","Barnet","L2",2,97162,0.236538461538461,TRUE
156,"D","JACK ARMER","JACK ARMER","Burton","Burton","L1",2,122960,0,FALSE
158,"D","JACK SIMPSON","JACK SIMPSON","Leyton Orient","Chesterfield","L2",2,89954,0,FALSE
159,"D","JACK SPARKES","JACK SPARKES","Bristol Rovers","Bristol Rovers","L2",2,103566,0,FALSE
161,"D","JACK STEPHENS","JACK STEPHENS","Southampton","Southampton","CH",2,56993,0,FALSE
162,"D","JACK TUCKER","JACK TUCKER","Colchester","Colchester","L2",2,108267,0,FALSE
163,"D","JAHEIM HEADLEY","JAHEIM HEADLEY","Port Vale","Port Vale","L2",2,125347,0,FALSE
164,"D","JAKE LEAKE","JAKE LEAKE","Oldham","Colchester","L2",2,136739,0,FALSE
165,"D","JAMES BOLTON","JAMES BOLTON","Fleetwood","Fleetwood","L2",2,63184,0,FALSE
166,"D","JAMES DORNELLY","JAMES DORNELLY","Peterborough","Peterborough","L1",2,182805,0,FALSE
167,"D","JAMES MORRIS","JAMES MORRIS","Leyton Orient","Leyton Orient","L1",2,126312,0,FALSE
168,"D","JAMES TARKOWSKI","JAMES TARKOWSKI","Everton","Everton","PL",2,58187,0,FALSE
169,"D","JASON KERR","MASON TERRY","Wigan","Port Vale","L2",2,167416,0.157575757575758,TRUE
171,"D","JEREMIE FRIMPONG","JEREMIE FRIMPONG","Liverpool","Liverpool","PL",2,116337,0,FALSE
172,"D","JERIEL DORSETT","JERIEL DORSETT","Reading","Reading","L1",2,128859,0,FALSE
173,"D","JOE KIZZI","JOE KNIGHT","Barnet","Stevenage","L1",2,183898,0.244444444444444,TRUE
174,"D","JOE LOW","JOE LOW","Huddersfield","Huddersfield","L1",2,144288,0,FALSE
175,"D","JOE RANKIN-COSTELLO","JOE RANKIN-COSTELLO","Charlton","Charlton","CH",2,96141,0,FALSE
177,"D","JORDAN GABRIEL","JORDAN ARCHER","Port Vale","Portsmouth","CH",2,67664,0.172161172161172,TRUE
178,"D","JORDAN GABRIEL","JORDAN DAVIES","Port Vale","Tranmere","L2",2,94452,0.172161172161172,TRUE
179,"D","JORDAN STOREY","JORDAN STOREY","Preston","Preston","CH",2,94515,0,FALSE
180,"D","JORREL HATO","JORREL HATO","Chelsea","Chelsea","PL",2,170914,0,FALSE
181,"D","JOSEPH OLOWU","JOSEPH OLOWU","Stockport","Leyton Orient","L1",2,116147,0,FALSE
182,"D","JOSH ACHEAMPONG","JOSH ACHEAMPONG","Chelsea","Chelsea","PL",2,182542,0,FALSE
183,"D","JOSH KEY","JOSHUA KEY","Swansea","Swansea","CH",2,107531,0.0666666666666668,FALSE
184,"D","JOSH RUFFELS","JOSH RUFFELS","Shrewsbury","Shrewsbury","L2",2,58269,0,FALSE
185,"D","JOSKO GVARDIOL","JOSKO GVARDIOL","Manchester City","Manchester City","PL",2,124784,0,FALSE
186,"D","KAINE KESLER-HAYDEN","KAINE KESLER-HAYDEN","Coventry","Coventry","PL",2,138308,0,FALSE
187,"D","KOFI BALMER","KOFI BALMER","Bristol Rovers","Bristol Rovers","L2",2,102639,0,FALSE
188,"D","KYLE CAMERON","KYLE CAMERON","Bromley","Newport","L2",2,89796,0,FALSE
189,"D","KYLE MCFADZEAN","KYLE MCFADZEAN","Chesterfield","Chesterfield","L2",2,42176,0,FALSE
190,"D","LADISLAV KREJCI","LADISLAV KREJCI","Wolves","Wolves","CH",2,106063,0,FALSE
191,"D","LEIF DAVIS","LEIF DAVIS","Ipswich","Ipswich","PL",2,117236,0,FALSE
192,"D","LEWIS MILLER","LEWIS MILLER","Blackburn","Blackburn","CH",2,114074,0,FALSE
193,"D","LIAM BENNETT","LIAM BENNETT","Cambridge","Cambridge","L1",2,143435,0,FALSE
194,"D","LIAM KITCHING","LIAM KITCHING","Coventry","Coventry","PL",2,110111,0,FALSE
195,"D","LYNDEN GOOCH","LYNDEN GOOCH","Huddersfield","Huddersfield","L1",2,81463,0,FALSE
196,"D","MACAULAY GILLESPHEY","MACAULAY GILLESPHEY","Charlton","Bradford","L1",2,88091,0,FALSE
197,"D","MADS ANDERSEN","MADS ANDERSEN","Luton","Luton","L1",2,82231,0,FALSE
198,"D","MAMADOU JOBE","MAMADOU JOBE","Cambridge","Cambridge","L1",2,143436,0,FALSE
199,"D","MANNY MONTHE","MANNY MONTHE","Oldham","Oldham","L2",2,75406,0,FALSE
200,"D","MARC BOLA","MARC BOLA","Watford","Watford","CH",2,98404,0,FALSE
201,"D","MASON HANCOCK","MASON HANCOCK","Walsall","Walsall","L2",2,142727,0,FALSE
202,"D","MATS WIEFFER","MATS WIEFFER","Brighton","Brighton","PL",2,120933,0,FALSE
203,"D","MATTHEW PENNINGTON","MATTHEW PENNINGTON","Bradford","Bradford","L1",2,70729,0,FALSE
204,"D","MATTY PEARSON","MATTHEW PEARSON","Doncaster","Doncaster","L1",2,63549,0.133974358974359,FALSE
205,"D","MAX DYCHE","MAX DYCHE","Northampton","Northampton","L2",2,134029,0,FALSE
206,"D","MAXIM DE CUYPER","MAXIM DE CUYPER","Brighton","Brighton","PL",2,128768,0,FALSE
207,"D","MICHAEL FORBES","MICHAEL ROSE","Northampton","Salford","L2",2,68651,0.103174603174603,TRUE
208,"D","MILOS KERKEZ","MILOS KERKEZ","Liverpool","Liverpool","PL",2,141919,0,FALSE
209,"D","MURILLO","MURILLO","Nottingham Forest","Nottingham Forest","PL",2,159346,0,FALSE
210,"D","NECO WILLIAMS","NECO WILLIAMS","Nottingham Forest","Nottingham Forest","PL",2,123801,0,FALSE
211,"D","NESTA GUINNESS-WALKER","SVANTE INGELSSON","Northampton","Stoke","CH",2,87214,0.271825396825397,TRUE
212,"D","NICOLO SAVONA","NICOLO SAVONA","Nottingham Forest","Nottingham Forest","PL",2,145391,0,FALSE
213,"D","NIGEL LONWIJK","NIGEL LONWIJK","Luton","Wolves","CH",2,134162,0,FALSE
214,"D","OLIVER SONNE","OLIVER SONNE","Burnley","Burnley","CH",2,140984,0,FALSE
215,"D","OLLIE TURTON","OLIVER TURTON","Salford","Salford","L2",2,54530,0.13966588966589,FALSE
216,"D","PEDRO PORRO","PEDRO PORRO","Tottenham","Tottenham","PL",2,109228,0,FALSE
217,"D","PHILLIP CHINEDU","PHILLIP CHINEDU","Barnet","Leyton Orient","L1",2,191775,0,FALSE
218,"D","PIERCE SWEENEY","PIERCE SWEENEY","Exeter","Cheltenham","L2",2,64230,0,FALSE
219,"D","REAGAN OGLE","REGAN POOLE","Oldham","Portsmouth","CH",2,78006,0.158249158249158,TRUE
220,"D","REECE JAMES","REECE JAMES","Chelsea","Rotherham","L2",2,70735,0,FALSE
221,"D","REECE JAMES","REECE JAMES","Chelsea","Chelsea","PL",2,99408,0,FALSE
222,"D","REECE JAMES","REECE JAMES","Rotherham","Rotherham","L2",1,70735,0,FALSE
223,"D","REECE JAMES","REECE JAMES","Rotherham","Chelsea","PL",1,99408,0,FALSE
224,"D","REECE STAUNTON","REECE STAUNTON","Grimsby","Grimsby","L2",2,108938,0,FALSE
225,"D","RICARDO PEREIRA","RICARDO PEREIRA","Leicester","Leicester","L1",2,64086,0,FALSE
226,"D","RICO LEWIS","RICO LEWIS","Manchester City","Manchester City","PL",2,144394,0,FALSE
227,"D","ROBBIE CUNDY","ROBBIE CUNDY","Cheltenham","Cheltenham","L2",2,86067,0,FALSE
228,"D","RONAN KPAKIO","RONAN KPAKIO","Cardiff","Cardiff","CH",2,196409,0,FALSE
229,"D","RUBEN DIAS","RUBEN DIAS","Manchester City","Manchester City","PL",2,90383,0,FALSE
230,"D","RYAN FALLOWFIELD","RYAN FALLOWFIELD","York","York","L2",2,80701,0,FALSE
231,"D","RYAN SWEENEY","RYAN SWEENEY","Mansfield","Mansfield","L1",2,79065,0,FALSE
232,"D","RYAN TAFAZOLLI","RYAN TAFAZOLLI","Swindon","Swindon","L2",2,52468,0,FALSE
233,"D","RYAN YATES","RYAN YATES","Nottingham Forest","Nottingham Forest","PL",2,95788,0,FALSE
234,"D","SAM CURTIS","SAM CURTIS","Chesterfield","Sheffield United","CH",2,144733,0,FALSE
235,"D","SAM SHERRING","SAM SHERRING","Cheltenham","Rochdale","L2",2,134422,0,FALSE
236,"D","SAM STUBBS","SAM STUBBS","Shrewsbury","Shrewsbury","L2",2,100007,0,FALSE
237,"D","SHANE MCLOUGHLIN","SHANE MCLOUGHLIN","Cambridge","Cambridge","L1",2,89817,0,FALSE
238,"D","SVEN BOTMAN","SVEN BOTMAN","Newcastle","Newcastle","PL",2,112740,0,FALSE
239,"D","TAYO EDUN","TAYO EDUN","Stockport","Stockport","L1",2,94197,0,FALSE
240,"D","TOM HAMER","TOM HAMER","Lincoln","Lincoln","CH",2,107534,0,FALSE
241,"D","TOSIN ADARABIOYO","TOSIN ADARABIOYO","Chelsea","Chelsea","PL",2,89269,0,FALSE
242,"D","TRAI HUME","TRAI HUME","Sunderland","Sunderland","PL",2,122137,0,FALSE
243,"D","UDOKA GODWIN-MALIFE","UDOKA GODWIN-MALIFE","Burton","Reading","L1",2,109597,0,FALSE
244,"D","WILL AIMSON","WILL AIMSON","Wigan","Salford","L2",2,74874,0,FALSE
245,"D","WILL FISH","WILL FISH","Cardiff","Cardiff","CH",2,125652,0,FALSE
246,"D","WILL SUTTON","WILL SUTTON","Oldham","Oldham","L2",2,134165,0,FALSE
247,"D","ZAK SWANSON","ZAK SWANSON","Portsmouth","Portsmouth","CH",2,124896,0,FALSE
248,"D","ZECH MEDLEY","ZECH MEDLEY","Bromley","York","L2",2,116138,0,FALSE
249,"D","AARON HICKEY","AARON HICKEY","Brentford","Brentford","PL",1,117826,0,FALSE
250,"D","ADAM LEWIS","AARON LEWIS","Chesterfield","Mansfield","L1",1,96407,0.157575757575758,TRUE
251,"D","ADRIEN TRUFFERT","ADRIEN TRUFFERT","Bournemouth","Bournemouth","PL",1,132103,0,FALSE
252,"D","AKIN FAMEWO","AKIN FAMEWO","Hull","Bolton","CH",1,94745,0,FALSE
253,"D","ALEX BANGURA","ALEX BANGURA","Middlesbrough","Middlesbrough","CH",1,140157,0,FALSE
254,"D","ALEX COCHRANE","ALEX COCHRANE","Birmingham","Birmingham","CH",1,100072,0,FALSE
255,"D","ALEX JIMENEZ","RAUL JIMENEZ","Bournemouth","Wolves","CH",1,69582,0.111111111111111,TRUE
256,"D","ALFIE JONES","ALFIE JONES","Middlesbrough","Middlesbrough","CH",1,93986,0,FALSE
257,"D","ALFIE KILGOUR","ALFIE KILGOUR","Bristol Rovers","Bristol Rovers","L2",1,87981,0,FALSE
258,"D","ANDERS HAGELSKJAER","ANDERS HAGELSKJAER","Wycombe","Wycombe","L1",1,121826,0,FALSE
259,"D","ANDREW HUGHES","ANDREW HUGHES","Preston","Preston","CH",1,57881,0,FALSE
260,"D","ANDY SMITH","ANDY SMITH","Gillingham","Gillingham","L2",1,129219,0,FALSE
261,"D","ANTHONY GLENNON","ANTHONY GLENNON","Newport","Newport","L2",1,120059,0,FALSE
262,"D","ANTHONY O'CONNOR","ANTHONY NUNEZ","Harrogate","Mansfield","L1",1,193133,0.201923076923077,TRUE
263,"D","ANTONEE ROBINSON","ANTONEE ROBINSON","Fulham","Fulham","PL",1,85572,0,FALSE
264,"D","AXEL DISASI","AXEL DISASI","West Ham","Chelsea","PL",1,106134,0,FALSE
265,"D","AXEL TUANZEBE","AXEL TUANZEBE","Burnley","Burnley","CH",1,88881,0,FALSE
266,"D","BAILY CARGILL","BAILY CARGILL","Mansfield","Mansfield","L1",1,72997,0,FALSE
267,"D","BEN CABANGO","BEN CABANGO","Swansea","Swansea","CH",1,114570,0,FALSE
268,"D","BEN DAVIES","BEN DAVIES","Tottenham","Tottenham","PL",1,65492,0,FALSE
269,"D","BEN DAVIES","BEN DAVIES","Tottenham","Bolton","CH",1,69047,0,FALSE
270,"D","BEN GIBSON","BEN GIBSON","Stoke","Stoke","CH",1,54425,0,FALSE
271,"D","BEN JACKSON","BEN PEARSON","Barrow","Stoke","CH",1,80601,0.181818181818182,TRUE
272,"D","BEN NELSON","BEN NELSON","Leicester","Leicester","L1",1,133485,0,FALSE
273,"D","BEN WHITE","BEN WHITE","Arsenal","Arsenal","PL",1,94482,0,FALSE
274,"D","BILLY KIRKMAN","BILLY KIRKMAN","Swindon","Swindon","L2",1,162937,0,FALSE
275,"D","BOSUN LAWAL","BOSUN LAWAL","Stoke","Stoke","CH",1,141665,0,FALSE
276,"D","BRAD HALLIDAY","BRAD HILLS","Bradford","Stockport","L1",1,136743,0.172934472934473,TRUE
277,"D","BRAD HILLS","BRAD HILLS","Stockport","Stockport","L1",1,136743,0,FALSE
278,"D","BRODIE SPENCER","BRODIE SPENCER","Oxford","Oxford","L1",1,161296,0,FALSE
279,"D","CALEB OKOLI","CALEB OKOLI","Leicester","Leicester","L1",1,117911,0,FALSE
280,"D","CALLUM CONNOLLY","CALLUM CONNOLLY","Stockport","Bradford","L1",1,90311,0,FALSE
281,"D","CALLUM ELDER","CALLUM ELDER","Derby","Lincoln","CH",1,74272,0,FALSE
282,"D","CALLUM HOWE","CALLUM O'HARE","York","Sheffield United","CH",1,101597,0.140559440559441,TRUE
283,"D","CALVIN BASSEY","CALVIN BASSEY","Fulham","Fulham","PL",1,107783,0,FALSE
284,"D","CAMERON HUMPHREYS","CAMERON HUMPHREYS","Port Vale","Port Vale","L2",1,86056,0,FALSE
285,"D","CAMERON HUMPHREYS","CAMERON HUMPHREYS","Port Vale","Ipswich","PL",1,143953,0,FALSE
286,"M","CAMERON HUMPHREYS","CAMERON HUMPHREYS","Huddersfield","Port Vale","L2",2,86056,0,FALSE
287,"M","CAMERON HUMPHREYS","CAMERON HUMPHREYS","Huddersfield","Ipswich","PL",2,143953,0,FALSE
288,"D","CATHAL HEFFERNAN","CATHAL MCCARTHY","Harrogate","Hull","CH",1,195102,0.269444444444445,TRUE
289,"D","CHARLIE BARKER","CHARLIE BARKER","Crawley","Crawley","L2",1,133117,0,FALSE
291,"D","CHARLIE HUGHES","CHARLIE HUGHES","Hull","Hull","CH",1,144513,0,FALSE
292,"D","CHARLIE HUGHES","CHARLIE HUGHES","Hull","Wigan","L1",1,211461,0,FALSE
293,"D","CHARLIE RAGLAN","CHARLIE WRAGG","Barrow","Walsall","L2",1,185690,0.122710622710623,TRUE
294,"D","CHEY DUNKLEY","CHEY DUNKLEY","Chesterfield","Chesterfield","L2",1,66137,0,FALSE
295,"D","CHRIS FORINO","CHRIS FORINO","Bolton","Bolton","CH",1,144515,0,FALSE
297,"D","CONNOR OGILVIE","CONNOR OGILVIE","Portsmouth","Portsmouth","CH",1,75116,0,FALSE
298,"D","CONOR COADY","CONOR COADY","Charlton","Wrexham","CH",1,58424,0,FALSE
299,"D","CONOR MCCARTHY","CONOR MCCARTHY","Northampton","Northampton","L2",1,92935,0,FALSE
300,"D","CRAIG FORSYTH","CRAIG FORSYTH","Derby","Derby","CH",1,45364,0,FALSE
301,"D","DANIEL HARVIE","DANIEL HARVIE","Wycombe","Wycombe","L1",1,80674,0,FALSE
302,"D","DANNY ANDREW","DANNY ANDREW","Exeter","Fleetwood","L2",1,71461,0,FALSE
303,"D","DARA O'SHEA","DARA O'SHEA","Ipswich","Ipswich","PL",1,96131,0,FALSE
304,"D","DARNELL FURLONG","DARNELL FURLONG","Ipswich","Ipswich","PL",1,80303,0,FALSE
305,"D","DECLAN SKURA","DECLAN SKURA","Wycombe","Walsall","L2",1,182800,0,FALSE
306,"D","DEMETRI MITCHELL","DEMETRI MITCHELL","Leyton Orient","Leyton Orient","L1",1,102785,0,FALSE
307,"D","DEVON MATTHEWS","DEVON MATTHEWS","Accrington","Accrington","L2",1,164218,0,FALSE
308,"D","DIOGO DALOT","DIOGO DALOT","Manchester United","Manchester United","PL",1,106203,0,FALSE
309,"D","DION SANDERSON","DION SANDERSON","Derby","Derby","CH",1,122139,0,FALSE
310,"D","DOMINIC HYAM","DOMINIC HYAM","Wrexham","Wrexham","CH",1,82426,0,FALSE
311,"D","DOMINIC IORFA","DOMINIC IORFA","Sheffield Wednesday","Sheffield Wednesday","L1",1,74586,0,FALSE
312,"D","DONALD LOVE","DONALD LOVE","Accrington","Accrington","L2",1,88249,0,FALSE
313,"D","DONERVON DANIELS","DONERVON DANIELS","Oldham","Oldham","L2",1,68398,0,FALSE
314,"D","DYLAN WILLIAMS","JORDAN WILLIAMS","Burton","Blackpool","L1",1,93705,0.114285714285714,TRUE
315,"D","EIRAN CASHIN","EIRAN CASHIN","Blackburn","Brighton","PL",1,139071,0,FALSE
316,"D","ELLIS IANDOLO","ELLIS IANDOLO","Colchester","Colchester","L2",1,86929,0,FALSE
317,"D","EMMANUEL ADEGBOYEGA","EMMANUEL ADEGBOYEGA","Rotherham","Rotherham","L2",1,167565,0,FALSE
318,"D","EOGHAN O'CONNELL","EOGHAN O'CONNELL","Barnsley","Stockport","L1",1,74115,0,FALSE
319,"D","FABIAN SCHAR","FABIAN SCHAR","Newcastle","Newcastle","PL",1,65436,0,FALSE
320,"D","FEMI SERIKI","FEMI SERIKI","Sheffield United","Sheffield United","CH",1,117664,0,FALSE
321,"D","FERDI KADIOGLU","FERDI KADIOGLU","Brighton","Brighton","PL",1,94149,0,FALSE
322,"D","FILOZOFE MABETE","FILOZOFE MABETE","Swindon","Swindon","L2",1,144554,0,FALSE
323,"D","FINLEY POTTER","FINLEY POTTER","Fleetwood","Fleetwood","L2",1,174808,0,FALSE
324,"D","FRAZER BLAKE-TRACY","FRAZER BLAKE-TRACY","Mansfield","Mansfield","L1",1,122968,0,FALSE
325,"D","FREDDIE SASS","FREDDIE SASS","Accrington","Accrington","L2",1,179689,0,FALSE
327,"D","GABRIEL OTEGBAYO","GABRIEL OTEGBAYO","Sheffield Wednesday","Sheffield Wednesday","L1",1,195240,0,FALSE
328,"D","GEORGE JOHNSTON","GEORGE JOHNSTON","Bolton","Luton","L1",1,114343,0,FALSE
330,"D","GUILHERME SIQUEIRA","GUI SIQUEIRA","Sheffield Wednesday","Sheffield Wednesday","L1",1,187365,0.222222222222222,FALSE
331,"D","HABEEB OGUNNEYE","THEO JULIENNE","Newport","Arsenal","PL",1,197902,0.291452991452992,TRUE
332,"D","HAMISH DOUGLAS","HAMISH DOUGLAS","Rotherham","Rotherham","L2",1,169924,0,FALSE
333,"D","HARRISON HOLGATE","HARRISON HOLGATE","Fleetwood","Fleetwood","L2",1,116549,0,FALSE
334,"D","HARRY AMASS","HARRY AMASS","Norwich","Manchester United","PL",1,172172,0,FALSE
336,"D","HARRY SOUTTAR","HARRY SOUTTAR","Leicester","Leicester","L1",1,80788,0,FALSE
337,"D","HAYDEN COULSON","HAYDEN COULSON","Blackpool","Blackpool","L1",1,85451,0,FALSE
338,"D","HAYDON ROBERTS","HAYDON ROBERTS","Reading","Reading","L1",1,114389,0,FALSE
339,"D","HUGO BUENO","HUGO BUENO","Wolves","Wolves","CH",1,134164,0,FALSE
340,"D","IAN MAATSEN","IAN MAATSEN","Aston Villa","Aston Villa","PL",1,116348,0,FALSE
341,"D","IBOU TOURAY","IBOU TOURAY","Bradford","Bradford","L1",1,70731,0,FALSE
342,"D","ISSA DIOP","ISSA DIOP","Fulham","Ipswich","PL",1,89224,0,FALSE
343,"D","JACK FITZWATER","JACK FITZWATER","Exeter","Exeter","L2",1,87987,0,FALSE
344,"D","JACK MCMILLAN","JACK MCEVILLY","Exeter","Tranmere","L2",1,222083,0.153846153846154,TRUE
345,"D","JACK ROBINSON","JACK ROBINSON","Birmingham","Birmingham","CH",1,54554,0,FALSE
346,"D","JACK SENIOR","JACK SENIOR","Doncaster","Tranmere","L2",1,96460,0,FALSE
347,"D","JACK WHATMOUGH","JACK WHATMOUGH","Huddersfield","Huddersfield","L1",1,66115,0,FALSE
348,"D","JACOB GREAVES","JACOB GREAVES","Ipswich","Ipswich","PL",1,123112,0,FALSE
349,"D","JACOB SLATER","JACOB SLATER","Harrogate","Tranmere","L2",1,165851,0,FALSE
351,"D","JAKE O'BRIEN","JAKE O'BRIEN","Everton","Everton","PL",1,117445,0,FALSE
352,"D","JAMAL BAPTISTE","JAMAL BAPTISTE","Rotherham","Sheffield United","CH",1,126489,0,FALSE
353,"D","JAMES ABANKWAH","JAMES KAY","Watford","Sheffield Wednesday","L1",1,215095,0.221560846560847,TRUE
354,"D","JAMES CARRAGHER","JAMES CARRAGHER","Wigan","Wigan","L1",1,143699,0,FALSE
355,"D","JAMES WILSON","JAMES WILSON","Cheltenham","Cheltenham","L2",1,41453,0,FALSE
356,"D","JAMES WILSON","JAMES WILSON","Cheltenham","Tottenham","PL",1,177381,0,FALSE
357,"D","JAMIE KNIGHT-LEBEL","JAMIE GITTENS","Swindon","Chelsea","PL",1,159590,0.241517741517741,TRUE
358,"D","JAPHET TANGANGA","JAPHET TANGANGA","Sheffield United","Sheffield United","CH",1,107028,0,FALSE
359,"D","JARRAD BRANTHWAITE","JARRAD BRANTHWAITE","Everton","Everton","PL",1,119272,0,FALSE
360,"D","JASPER MOON","JASPER MOON","Burton","Port Vale","L2",1,115892,0,FALSE
361,"D","JAY MCGRATH","JAY MCGRATH","Doncaster","Doncaster","L1",1,133318,0,FALSE
362,"D","JID OKEKE","MILOS KERKEZ","Walsall","Liverpool","PL",1,141919,0.260582010582011,TRUE
363,"D","JOE FELIX","JOE FELIX","York","York","L2",1,115454,0,FALSE
364,"D","JOE THOMAS","JOE THOMAS","Newport","Newport","L2",1,195353,0,FALSE
365,"D","JOEL BAGAN","JOEL BAGAN","Cardiff","Cardiff","CH",1,129175,0,FALSE
366,"D","JOEL MCGREGOR","JOEL MCGREGOR","Swindon","Swindon","L2",1,185990,0,FALSE
367,"D","JOEL VELTMAN","JOEL COLEMAN","Brighton","Millwall","CH",1,71597,0.144444444444444,TRUE
368,"D","JON GUTHRIE","JON GUTHRIE","Northampton","Northampton","L2",1,66884,0,FALSE
369,"D","JONATHAN TOMKINSON","JONATHAN TOMKINSON","Cheltenham","Cheltenham","L2",1,133529,0,FALSE
370,"D","JORDAN BOWERY","JORDAN BOWERY","Mansfield","Mansfield","L1",1,49760,0,FALSE
371,"D","JORDAN WILLIAMS","JORDAN WILLIAMS","Portsmouth","Blackpool","L1",1,93705,0,FALSE
372,"D","JORDAN WILLIS","JORDAN WILLIS","Northampton","Northampton","L2",1,62916,0,FALSE
374,"D","JOSH EARL","JOSH EARL","Barnsley","Barnsley","L1",1,103533,0,FALSE
375,"D","JOSH FLINT","JOSH FLINT","Crawley","Crawley","L2",1,117668,0,FALSE
376,"D","JOSH TYMON","JOSH TYMON","Swansea","Swansea","CH",1,89955,0,FALSE
377,"D","JUNIOR TCHAMADEU","JUNIOR TCHAMADEU","Stoke","Stoke","CH",1,136718,0,FALSE
378,"D","KAI WAGNER","KAI PAYNE","Birmingham","Wigan","L1",1,181483,0.174074074074074,TRUE
379,"D","KAMARL GRANT","KAMARL GRANT","Millwall","Bromley","L1",1,166803,0,FALSE
380,"D","KENNY TETE","KENNY TETE","Fulham","Fulham","PL",1,75686,0,FALSE
381,"D","KYLE JOHN","KYLE JOHN","Port Vale","Port Vale","L2",1,116946,0,FALSE
382,"D","KYLE WALKER-PETERS","KYLE WALKER-PETERS","West Ham","West Ham","CH",1,90610,0,FALSE
383,"D","LAURENCE MAGUIRE","LAURENCE MAGUIRE","Milton Keynes","Rochdale","L2",1,77788,0,FALSE
384,"D","LEE JENKINS","LEE JENKINS","Newport","Newport","L2",1,108254,0,FALSE
385,"D","LENNI CIRINO","LENNY BROWN","Gillingham","Stevenage","L1",1,196051,0.243686868686869,TRUE
386,"D","LEWIS DUNK","LEWIS DUNK","Brighton","Brighton","PL",1,54394,0,FALSE
387,"D","LEWIS GIBSON","LEWIS GIBSON","Preston","Preston","CH",1,107024,0,FALSE
388,"D","LEWIS GORDON","LEWIS GORDON","Chesterfield","Chesterfield","L2",1,129180,0,FALSE
389,"D","LEWIS HALL","LEWIS HALL","Newcastle","Newcastle","PL",1,144376,0,FALSE
390,"D","LIAM COOPER","LIAM COOPER","Sheffield Wednesday","Sheffield Wednesday","L1",1,49789,0,FALSE
391,"D","LIAM PALMER","LIAM PALMER","Sheffield Wednesday","Sheffield Wednesday","L1",1,53112,0,FALSE
392,"D","LIAM SHEPHARD","LIAM SHAW","Newport","Northampton","L2",1,116452,0.165242165242165,TRUE
393,"D","LIBERATO CACACE","LIBERATO CACACE","Wrexham","Wrexham","CH",1,110626,0,FALSE
394,"D","LLOYD JONES","LLOYD JONES","Charlton","Charlton","CH",1,70093,0,FALSE
395,"D","LUCA WOODHOUSE","LUCA WOODHOUSE","Exeter","Exeter","L2",1,134888,0,FALSE
396,"D","LUKE AYLING","LUKE AYLING","Middlesbrough","Middlesbrough","CH",1,53032,0,FALSE
397,"D","LUKE BOLTON","LUKE BOLTON","Mansfield","Mansfield","L1",1,113506,0,FALSE
398,"D","LUKE BROWNE","LUKE BROWNE","Notts County","Notts County","L1",1,168048,0,FALSE
399,"D","LUKE SHAW","LUKE SHAW","Manchester United","Manchester United","PL",1,62471,0,FALSE
400,"D","LUKE THOMAS","LUKE THOMAS","Leicester","Leicester","L1",1,110302,0,FALSE
401,"M","LUKE THOMAS","LUKE THOMAS","Bristol Rovers","Leicester","L1",2,110302,0,FALSE
402,"D","LUTHER JAMES-WILDIN","LUTHER JAMES-WILDIN","Stevenage","Stevenage","L1",1,90901,0,FALSE
403,"D","MACAULEY SOUTHAM-HALES","MACAULEY SOUTHAM-HALES","Bristol Rovers","Bristol Rovers","L2",1,79114,0,FALSE
404,"D","MALDINI KACURRI","MALDINI KACURRI","Grimsby","Grimsby","L2",1,166972,0,FALSE
405,"D","MARC CUCURELLA","MARC BOLA","Chelsea","Watford","CH",1,98404,0.240740740740741,TRUE
406,"D","MARC CUCURELLA","MARC GUIU","Chelsea","Chelsea","PL",1,177693,0.240740740740741,FALSE
407,"D","MARC ROBERTS","MARC ROBERTS","Barnsley","Barnsley","L1",1,71519,0,FALSE
408,"D","MARK MCGUINNESS","MARK MCGUINNESS","Sheffield United","Sheffield United","CH",1,126311,0,FALSE
409,"D","MATHEUS NUNES","MATHEUS NUNES","Manchester City","Manchester City","PL",1,129966,0,FALSE
410,"D","MATTHEW BAKER","MATTHEW APTER","Newport","Cardiff","CH",1,170625,0.102564102564103,TRUE
411,"D","MATTHEW SORINOLA","MATTHEW SORINOLA","Plymouth","Plymouth","CH",1,108572,0,FALSE
412,"D","MATTHIJS DE LIGT","MATTHIJS DE LIGT","Manchester United","Manchester United","PL",1,94300,0,FALSE
413,"D","MATTIE POLLOCK","MATTIE POLLOCK","Watford","Watford","CH",1,116584,0,FALSE
414,"D","MATTY PLATT","MATTY PLATT","Notts County","Notts County","L1",1,96140,0,FALSE
415,"D","MAX ALLEYNE","MAX ALLEYNE","Manchester City","Manchester City","PL",1,165932,0,FALSE
416,"D","MICHAEL KAYODE","MICHAEL KAYODE","Brentford","Brentford","PL",1,171728,0,FALSE
417,"D","MICHAL HELIK","MICHAL HELIK","Oxford","Oxford","L1",1,72505,0,FALSE
418,"D","MORATO","MORATO","Nottingham Forest","Nottingham Forest","PL",1,125043,0,FALSE
419,"D","MORGAN WILLIAMS","MORGAN WILLIAMS","York","York","L2",1,114249,0,FALSE
420,"D","MURRAY WALLACE","MURRAY WALLACE","Huddersfield","Huddersfield","L1",1,58591,0,FALSE
421,"D","NATHAN ASIIMWE","NATHAN ASIIMWE","Wimbledon","Charlton","CH",1,177287,0,FALSE
422,"D","NATHAN COLLINS","NATHAN COLLINS","Brentford","Brentford","PL",1,115865,0,FALSE
423,"D","NATHAN WOOD","NATHAN WOOD","Southampton","Southampton","CH",1,114227,0,FALSE
424,"D","NEILL BYRNE","NEILL BYRNE","Doncaster","Doncaster","L1",1,60649,0,FALSE
425,"D","NIALL HUGGINS","NIALL ENNIS","Wycombe","Blackpool","L1",1,105846,0.2002072002072,TRUE
426,"D","NIKOLA MILENKOVIC","NIKOLA MILENKOVIC","Nottingham Forest","Nottingham Forest","PL",1,91609,0,FALSE
427,"D","NOAH EILE","NOAH EILE","Bristol City","Bristol City","CH",1,129641,0,FALSE
428,"D","OLIVER CASEY","OLIVER CASEY","Blackpool","Blackpool","L1",1,127044,0,FALSE
429,"D","OLIVIER BOSCAGLI","OLIVIER BOSCAGLI","Brighton","Brighton","PL",1,81161,0,FALSE
430,"D","OMAR ALDERETE","OMAR ALDERETE","Sunderland","Sunderland","PL",1,117360,0,FALSE
431,"D","PATRICK BROUGH","PATRICK BROUGH","Tranmere","Tranmere","L2",1,71332,0,FALSE
432,"D","PETER KIOSO","PETER KIOSO","Peterborough","Peterborough","L1",1,114193,0,FALSE
433,"D","PIERO HINCAPIE","PIERO HINCAPIE","Arsenal","Arsenal","PL",1,139591,0,FALSE
434,"D","RADINIO BALKER","RADINIO BALKER","Huddersfield","Huddersfield","L1",1,140158,0,FALSE
435,"D","REECE BURKE","REECE BURKE","Charlton","Charlton","CH",1,74210,0,FALSE
436,"D","REECE JOHNSON","BEN JOHNSON","Sheffield Wednesday","Ipswich","PL",1,97116,0.163170163170163,TRUE
437,"D","REECE JOHNSON","JOE JOHNSON","Sheffield Wednesday","Luton","L1",1,174390,0.163170163170163,TRUE
438,"D","REUELL WALTERS","REUELL WALTERS","Luton","Luton","L1",1,144842,0,FALSE
439,"D","RHYS NORRINGTON-DAVIES","RHYS NORRINGTON-DAVIES","QPR","Sheffield United","CH",1,110103,0,FALSE
440,"D","RICCARDO CALAFIORI","RICCARDO CALAFIORI","Arsenal","Arsenal","PL",1,126171,0,FALSE
441,"D","RICHARD TAYLOR","RICHARD TAYLOR","Bolton","Bromley","L1",1,124383,0,FALSE
442,"D","RICO BROWNE","RICO BROWNE","Walsall","Walsall","L2",1,178851,0,FALSE
443,"D","RILEY HARBOTTLE","RILEY HARBOTTLE","Bristol Rovers","Bristol Rovers","L2",1,138595,0,FALSE
444,"D","ROB DICKIE","ROB DICKIE","Bristol City","Bristol City","CH",1,81572,0,FALSE
445,"D","ROMONEY CRICHLOW","ROMONEY CRICHLOW-NOBLE","Barnet","Barnet","L2",1,118639,0.0909090909090908,FALSE
446,"D","RONNIE EDWARDS","RONNIE EDWARDS","Southampton","QPR","CH",1,128422,0,FALSE
447,"D","ROSAIRE LONGELO","ROSAIRE LONGELO","Salford","Salford","L2",1,108801,0,FALSE
448,"D","RUBEN ROOSKEN","RUBEN ROOSKEN","Huddersfield","Oxford","L1",1,122128,0,FALSE
449,"D","RYAN ALEBIOSU","RYAN ALEBIOSU","Blackburn","Blackburn","CH",1,133535,0,FALSE
450,"D","RYAN DELANEY","RYAN DELANEY","Newport","Oldham","L2",1,91489,0,FALSE
451,"D","RYAN GALVIN","RYAN GLOVER","Barnet","Stockport","L1",1,135760,0.181818181818182,TRUE
452,"D","RYLEY TOWLER","RYLEY TOWLER","Lincoln","Lincoln","CH",1,133357,0,FALSE
453,"D","SAM BECKWITH","SAM BECKWITH","Rochdale","Rochdale","L2",1,133323,0,FALSE
454,"D","SAM GALE","SAM GALE","Gillingham","Gillingham","L2",1,146870,0,FALSE
455,"D","SAM LONG","SAM LONG","Oxford","Oxford","L1",1,66125,0,FALSE
456,"D","SAM LONG","SAM LONG","Oxford","Salford","L2",1,133396,0,FALSE
457,"D","SAM MCCALLUM","SAM MCCALLUM","Sheffield United","Sheffield United","CH",1,116152,0,FALSE
458,"D","SCOTT MALONE","SCOTT MALONE","Crawley","Crawley","L2",1,52926,0,FALSE
459,"D","SEAN FUSIRE","SEAN FUSIRE","Sheffield Wednesday","Sheffield Wednesday","L1",1,167890,0,FALSE
460,"D","SEMI AJAYI","SEMI AJAYI","Hull","Hull","CH",1,68485,0,FALSE
461,"D","SHAUN ROONEY","SHAUN ROONEY","Fleetwood","Fleetwood","L2",1,71215,0,FALSE
462,"D","SONNY ALJOFREE","SONNY CAREY","Notts County","Charlton","CH",1,123491,0.17965367965368,TRUE
463,"D","STEVE COOK","STEVE COOK","QPR","Wycombe","L1",1,49993,0,FALSE
464,"D","STEVE SEDDON","STEVE SEDDON","Wimbledon","Wimbledon","L1",1,110473,0,FALSE
465,"D","TAYLOR ALLEN","TAYLOR ALLEN","Wycombe","Wycombe","L1",1,118344,0,FALSE
466,"D","TEDEN MENGI","TEDEN MENGI","Luton","Luton","L1",1,125648,0,FALSE
467,"D","TERENCE VANCOOTEN","TERENCE VANCOOTEN","Burton","Stevenage","L1",1,89030,0,FALSE
468,"D","TOBI ADEBAYO-ROWLING","TOBI ADEBAYO-ROWLING","Rochdale","Rochdale","L2",1,81936,0,FALSE
469,"D","TOBY MULLARKEY","TOBY COLLYER","Fleetwood","Manchester United","PL",1,135067,0.184126984126984,TRUE
470,"D","TOM ANDERSON","TOM ANDERSON","Shrewsbury","Shrewsbury","L2",1,66027,0,FALSE
471,"D","TOM DAVIES","TOM DAVIES","Newport","Sheffield United","CH",1,90902,0,FALSE
472,"D","TOM DAVIES","TOM DAVIES","Newport","Newport","L2",1,143938,0,FALSE
473,"D","TOM NIXON","TOM NIXON","Doncaster","Doncaster","L1",1,143950,0,FALSE
474,"D","TOM PEARCE","TOM PEARCE","Chesterfield","Chesterfield","L2",1,110109,0,FALSE
475,"D","TYLER BINDON","TYLER BINDON","Sheffield United","Nottingham Forest","PL",1,181965,0,FALSE
476,"D","TYRELL WARREN","TYLER WALTON","Grimsby","Accrington","L2",1,94182,0.232478632478633,TRUE
477,"D","TYRONE MINGS","TYRONE MINGS","Aston Villa","Aston Villa","PL",1,69420,0,FALSE
478,"D","WARREN BURRELL","RUMARN BURRELL","Harrogate","QPR","CH",1,116585,0.123015873015873,TRUE
479,"D","WILL FORRESTER","WILL FORRESTER","Leyton Orient","Leyton Orient","L1",1,115852,0,FALSE
480,"D","WILL WRIGHT","WILL WRIGHT","Swindon","Barnet","L2",1,114159,0,FALSE
481,"D","WILL WRIGHT","WILL WRIGHT","Swindon","Liverpool","PL",1,199362,0,FALSE
482,"D","WILLIAM SALIBA","WILLIAM SALIBA","Arsenal","Arsenal","PL",1,114630,0,FALSE
483,"D","WOUT FAES","WOUT FAES","Leicester","Leicester","L1",1,92706,0,FALSE
484,"D","ZAC ASHWORTH","ZAC ASHWORTH","Blackpool","Blackpool","L1",1,134569,0,FALSE
485,"D","ZACH AWE","ZACH AWE","Salford","Salford","L2",1,149195,0,FALSE
486,"D","ZAK BRADSHAW","ZAK BRADSHAW","Cambridge","Cambridge","L1",1,160029,0,FALSE
487,"D","ZAK JOHNSON","ZAK JOHNSON","York","Sunderland","PL",1,145321,0,FALSE
488,"D","ZAK JULES","ZACK NELSON","Rotherham","Wimbledon","L1",1,165854,0.242905242905243,TRUE
489,"D","ZAK STURGE","ZAK STURGE","Millwall","Millwall","CH",1,162890,0,FALSE
490,"M","ANTOINE SEMENYO","ANTOINE SEMENYO","Manchester City","Manchester City","PL",21,110364,0,FALSE
491,"M","ISAAC HUTCHINSON","ISAAC HUTCHINSON","Cheltenham","Doncaster","L1",19,107789,0,FALSE
492,"M","MORGAN GIBBS-WHITE","MORGAN GIBBS-WHITE","Nottingham Forest","Nottingham Forest","PL",18,96377,0,FALSE
493,"M","ANTHONY GORDON","ANTHONY GLENNON","Newcastle","Newport","L2",17,120059,0.190620490620491,TRUE
494,"M","HARVEY BARNES","HARVEY BARNES","Newcastle","Newcastle","PL",16,95981,0,FALSE
495,"M","JACK CLARKE","JACK CLARKE","Ipswich","Ipswich","PL",16,110112,0,FALSE
496,"M","JOSH WINDASS","JOSH WINDASS","Wrexham","Wrexham","CH",16,70939,0,FALSE
497,"M","KIERAN GREEN","KIERAN GREEN","Grimsby","Grimsby","L2",16,78431,0,FALSE
498,"M","OWEN BAILEY","OWEN BAILEY","Doncaster","Doncaster","L1",16,107779,0,FALSE
499,"M","DAVIS KEILLOR-DUNN","DAVIS KEILLOR-DUNN","Barnsley","Wrexham","CH",15,94073,0,FALSE
500,"M","ENZO FERNANDEZ","ENZO FERNANDEZ","Chelsea","Chelsea","PL",15,146709,0,FALSE
501,"M","ALEX NEWBY","ALEX NEWBY","York","York","L2",14,85716,0,FALSE
502,"M","MORGAN WHITTAKER","MORGAN WHITTAKER","Middlesbrough","Middlesbrough","CH",14,124219,0,FALSE
503,"M","DOMINIK SZOBOSZLAI","DOMINIK SZOBOSZLAI","Liverpool","Liverpool","PL",13,103053,0,FALSE
504,"M","JACK PAYNE","JACK PAYNE","Colchester","Colchester","L2",13,71250,0,FALSE
505,"M","JADEN PHILOGENE","JADEN PHILOGENE","Ipswich","Ipswich","PL",13,125084,0,FALSE
506,"M","MORGAN ROGERS","MORGAN ROGERS","Aston Villa","Chelsea","PL",13,108099,0,FALSE
507,"M","RYAN GRAYDON","RYAN GRAYDON","Salford","Salford","L2",13,116020,0,FALSE
509,"M","FINN AZAZ","FINN AZAZ","Southampton","Southampton","CH",12,100081,0,FALSE
510,"M","HARRY ANDERSON","HARRY ANDERSON","Colchester","Colchester","L2",12,77349,0,FALSE
511,"M","JACK MOYLAN","JACK MOYLAN","Lincoln","Lincoln","CH",12,137208,0,FALSE
512,"M","JORDAN CLARK","JORDAN CLARK","Luton","Luton","L1",12,59377,0,FALSE
513,"M","LEO CASTLEDINE","LEO CASTLEDINE","Middlesbrough","Middlesbrough","CH",12,165948,0,FALSE
514,"M","LEWIS WING","LEWIS WING","Reading","Reading","L1",12,107315,0,FALSE
515,"M","MOHAMED SALAH","MOHAMED KEITA","Liverpool","Wycombe","L1",12,218788,0.205128205128205,TRUE
516,"M","ZIAN FLEMMING","ZIAN FLEMMING","Burnley","Burnley","CH",12,112925,0,FALSE
517,"M","ADAM PHILLIPS","ADAM PHILLIPS","Barnsley","Bradford","L1",11,108097,0,FALSE
518,"M","ANIS MEHMETI","ANIS MEHMETI","Ipswich","Ipswich","PL",11,134964,0,FALSE
519,"M","ANTONI SARCEVIC","ANTONI SARCEVIC","Bradford","Bradford","L1",11,56263,0,FALSE
520,"M","BEN KNIGHT","BEN KNIGHT","Cambridge","Cambridge","L1",11,116340,0,FALSE
521,"M","BUKAYO SAKA","BUKAYO SAKA","Arsenal","Arsenal","PL",11,116143,0,FALSE
522,"M","CHARLIE WHITAKER","CHARLIE WHITAKER","Tranmere","Tranmere","L2",11,142753,0,FALSE
523,"M","COLE PALMER","COLE PALMER","Chelsea","Chelsea","PL",11,125454,0,FALSE
524,"M","FEMI AZEEZ","FEMI AZEEZ","Millwall","Millwall","CH",11,117678,0,FALSE
525,"M","GABRIEL MARTINELLI","GABRIEL MARTINELLI","Arsenal","Arsenal","PL",11,122095,0,FALSE
527,"M","JARROD BOWEN","JARROD BOWEN","West Ham","West Ham","CH",11,74852,0,FALSE
528,"M","JORDAN JAMES","AARON JAMES","Leicester","Wrexham","CH",11,165140,0.119191919191919,TRUE
529,"M","KYREECE LISBIE","KYREECE LISBIE","Colchester","Reading","L1",11,204014,0,FALSE
530,"M","KYRELL LISBIE","KYRELL LISBIE","Peterborough","Millwall","CH",11,174039,0,FALSE
531,"M","LEWIS DOBBIN","LEWIS DOBBIN","Preston","Southampton","CH",11,125638,0,FALSE
532,"M","OMARI KELLYMAN","OMARI KELLYMAN","Cardiff","Chelsea","PL",11,146883,0,FALSE
533,"M","REECO HACKETT","REECO HACKETT","Lincoln","Lincoln","CH",11,96096,0,FALSE
534,"M","SCOTT TWINE","SCOTT TWINE","Bristol City","Bristol City","CH",11,91148,0,FALSE
535,"M","SULLAY KAIKAI","SULLAY KAIKAI","Cambridge","Cambridge","L1",11,74807,0,FALSE
536,"M","ADRIAN SEGECIC","ADRIAN SEGECIC","Portsmouth","Portsmouth","CH",10,139998,0,FALSE
537,"M","AMARIO COZIER-DUBERRY","AMARIO COZIER-DUBERRY","Bolton","Brighton","PL",10,144839,0,FALSE
538,"M","BOBBY POINTON","BOBBY POINTON","Bradford","Bradford","L1",10,180761,0,FALSE
539,"M","DIEGO GOMEZ","DIEGO GOMEZ","Brighton","Brighton","PL",10,156254,0,FALSE
540,"M","EBERECHI EZE","EBERECHI EZE","Arsenal","Arsenal","PL",10,100391,0,FALSE
541,"M","EMILIANO BUENDIA","EMILIANO BUENDIA","Aston Villa","Aston Villa","PL",10,79355,0,FALSE
542,"M","EPHRON MASON-CLARK","EPHRON MASON-CLARK","Coventry","Coventry","PL",10,97099,0,FALSE
543,"M","FRED ONYEDINMA","FRED ONYEDINMA","Wycombe","Wycombe","L1",10,74166,0,FALSE
544,"M","JODI JONES","JODI JONES","Notts County","Notts County","L1",10,81020,0,FALSE
545,"M","JOHN MCGINN","JOHN MCGINN","Aston Villa","Aston Villa","PL",10,65810,0,FALSE
546,"M","MARK HELM","MARK HELM","Fleetwood","Fleetwood","L2",10,125651,0,FALSE
548,"M","PEDRO NETO","PEDRO NETO","Chelsea","Chelsea","PL",10,102788,0,FALSE
549,"M","PHIL FODEN","PHIL FODEN","Manchester City","Manchester City","PL",10,99916,0,FALSE
550,"M","RAYAN CHERKI","RAYAN CHERKI","Manchester City","Manchester City","PL",10,126129,0,FALSE
551,"M","SAM BELL","SAM BELL","Bristol City","Bristol City","CH",10,136695,0,FALSE
552,"M","SORBA THOMAS","SORBA THOMAS","Stoke","Stoke","CH",10,99660,0,FALSE
553,"M","VICTOR TORP","VICTOR TORP","Coventry","Coventry","PL",10,102739,0,FALSE
554,"M","ABDUL FATAWU","ABDUL FATAWU","Leicester","Ipswich","PL",9,138671,0,FALSE
555,"M","ALEX HUNT","ALEX HUNT","York","York","L2",9,114052,0,FALSE
556,"M","BRUNO FERNANDES","BRUNO FERNANDES","Manchester United","Manchester United","PL",9,72111,0,FALSE
557,"M","BRUNO FERNANDES","BRUNO FERNANDES","Manchester United","Sheffield Wednesday","L1",9,209366,0,FALSE
558,"M","BRUNO GUIMARAES","BRUNO GUIMARAES","Newcastle","Newcastle","PL",9,129105,0,FALSE
559,"M","CASEMIRO","JACK SENIOR","Manchester United","Tranmere","L2",9,96460,0.258116883116883,TRUE
560,"M","JAIDON ANTHONY","JAIDON ANTHONY","Burnley","Brentford","PL",9,133914,0,FALSE
561,"M","OLIVER NORWOOD","OLIVER NORWOOD","Stockport","Stockport","L1",9,56994,0,FALSE
562,"M","RUBIN COLWILL","RUBIN COLWILL","Cardiff","Cardiff","CH",9,137673,0,FALSE
563,"M","ALEJANDRO GARNACHO","ALEJANDRO GARNACHO","Chelsea","Aston Villa","PL",8,144404,0,FALSE
564,"M","ALFIE DEVINE","ALFIE DEVINE","Preston","Preston","CH",8,132641,0,FALSE
565,"M","BEN THOMPSON","BEN THOMPSON","Bromley","Bromley","L1",8,76827,0,FALSE
566,"M","CALLUM O'HARE","CALLUM O'HARE","Sheffield United","Sheffield United","CH",8,101597,0,FALSE
567,"M","CALLUM WRIGHT","WILL WRIGHT","Wigan","Barnet","L2",8,114159,0.163170163170163,TRUE
568,"M","CALLUM WRIGHT","WILL WRIGHT","Wigan","Liverpool","PL",8,199362,0.163170163170163,TRUE
569,"M","CAMERON MCGEEHAN","CAMERON MCGEEHAN","Northampton","Barnsley","L1",8,74552,0,FALSE
570,"M","CHARLIE WEBSTER","CHARLIE WEBSTER","Burton","Burton","L1",8,144402,0,FALSE
571,"M","CHRIS WILLOCK","CHRIS WILLOCK","Cardiff","Cardiff","CH",8,85144,0,FALSE
572,"M","DILAN MARKANDAY","DILAN MARKANDAY","Chesterfield","Chesterfield","L2",8,117317,0,FALSE
573,"M","ESTEVAO","ESTEVAO","Chelsea","Chelsea","PL",8,186104,0,FALSE
575,"M","JEREMY DOKU","JEREMY DOKU","Manchester City","Manchester City","PL",8,117472,0,FALSE
576,"M","JON RUSSELL","JON RUSSELL","Mansfield","Mansfield","L1",8,123490,0,FALSE
577,"M","JORDAN THOMAS","JORDAN THOMAS","Cheltenham","Doncaster","L1",8,181159,0,FALSE
578,"M","KASEY PALMER","KASEY PALMER","Luton","Luton","L1",8,90836,0,FALSE
579,"M","KIERNAN DEWSBURY-HALL","KIERNAN DEWSBURY-HALL","Everton","Everton","PL",8,100994,0,FALSE
580,"M","LEANDRO TROSSARD","SONDRE TRONSTAD","Arsenal","Blackburn","CH",8,69408,0.177777777777778,TRUE
581,"M","LUKE MOLYNEUX","LUKE MOLYNEUX","Doncaster","Salford","L2",8,96482,0,FALSE
582,"M","MARCUS TAVERNIER","MARCUS TAVERNIER","Bournemouth","Bournemouth","PL",8,96007,0,FALSE
583,"M","MARK SHELTON","MARK SHELTON","Barnet","York","L2",8,81267,0,FALSE
585,"M","NONI MADUEKE","NONI MADUEKE","Arsenal","Arsenal","PL",8,124943,0,FALSE
586,"M","OLIVER RATHBONE","OLIVER RATHBONE","Wrexham","Wrexham","CH",8,91737,0,FALSE
587,"M","OMARI PATRICK","MARLON PACK","Tranmere","Portsmouth","CH",8,52148,0.237244237244237,TRUE
588,"M","SONNY CAREY","SONNY CAREY","Charlton","Charlton","CH",8,123491,0,FALSE
589,"M","TOM NAYLOR","TOM NAYLOR","Chesterfield","Chesterfield","L2",8,51386,0,FALSE
590,"M","ARTHUR READ","ARTHUR READ","Colchester","York","L2",7,96044,0,FALSE
592,"M","BRADLEY DACK","BRADLEY DACK","Gillingham","Gillingham","L2",7,66118,0,FALSE
593,"M","CRYSENCIO SUMMERVILLE","CHARLIE MCNEILL","West Ham","Sheffield Wednesday","L1",7,144388,0.292857142857143,TRUE
594,"M","DAN KEMP","DAN KEMP","Stevenage","Stevenage","L1",7,96154,0,FALSE
595,"M","DANGO OUATTARA","DANGO OUATTARA","Brentford","Brentford","PL",7,138315,0,FALSE
596,"M","FLORIAN WIRTZ","FLORIAN WIRTZ","Liverpool","Liverpool","PL",7,129900,0,FALSE
597,"M","GUSTAVO HAMER","GUSTAVO HAMER","Sheffield United","Sheffield United","CH",7,90804,0,FALSE
598,"M","IMRAN LOUZA","IMRAN LOUZA","Watford","Watford","CH",7,117522,0,FALSE
599,"M","ISAAC FLETCHER","ISAAC FLETCHER","Barrow","Shrewsbury","L2",7,137285,0,FALSE
600,"M","JACK DIAMOND","JACK DIAMOND","Stockport","Stockport","L1",7,107538,0,FALSE
601,"M","JACK RUDONI","JACK RUDONI","Coventry","Coventry","PL",7,119270,0,FALSE
602,"M","JOAO PALHINHA","OLA AINA","Tottenham","Nottingham Forest","PL",7,83098,0.195512820512821,TRUE
603,"M","JOEL COLWILL","JOEL COLWILL","Cardiff","Cardiff","CH",7,165871,0,FALSE
604,"M","KALLUM CESAY","KALLUM CESAY","Salford","Salford","L2",7,141361,0,FALSE
605,"M","KELLY N'MAI","KELLY N'MAI","Salford","Salford","L2",7,143863,0,FALSE
606,"M","LEO SCIENZA","LEO SCIENZA","Southampton","Southampton","CH",7,162918,0,FALSE
607,"M","MARCUS HARNESS","MARCUS HARNESS","Huddersfield","Huddersfield","L1",7,72070,0,FALSE
608,"M","MILLION MANHOEF","MILLION MANHOEF","Stoke","Stoke","CH",7,132090,0,FALSE
609,"M","NATHAN BROADHEAD","NATHAN BROADHEAD","Wrexham","Wrexham","CH",7,96065,0,FALSE
610,"F","NATHAN BROADHEAD","NATHAN BROADHEAD","Wrexham","Wrexham","CH",2,96065,0,FALSE
611,"M","OLLIE BANKS","OLLIE BANKS","York","York","L2",7,55846,0,FALSE
612,"M","REECE COLE","REECE COLE","Exeter","Exeter","L2",7,90922,0,FALSE
613,"M","REYES CLEARY","REYES CLEARY","Barnsley","Barnsley","L1",7,148771,0,FALSE
614,"M","RYAN EAST","RYAN EAST","Rochdale","Rochdale","L2",7,96392,0,FALSE
615,"M","RYAN LEDSON","RYAN LEDSON","Huddersfield","Huddersfield","L1",7,75813,0,FALSE
616,"M","TATSUHIRO SAKAMOTO","TATSUHIRO SAKAMOTO","Coventry","Coventry","PL",7,139709,0,FALSE
617,"M","TIJJANI REIJNDERS","TIJJANI REIJNDERS","Manchester City","Manchester City","PL",7,106949,0,FALSE
618,"M","TOMMI O'REILLY","TOMMI O'REILLY","Crewe","Aston Villa","PL",7,144562,0,FALSE
619,"M","TYRESE HALL","TYRESE HALL","Notts County","Tottenham","PL",7,183922,0,FALSE
620,"M","ALBERT ADOMAH","ALBERT ADOMAH","Walsall","Walsall","L2",6,48652,0,FALSE
621,"M","ALEX ROBERTSON","ALEX ROBERTSON","Cardiff","Cardiff","CH",6,136750,0,FALSE
623,"M","ARMANDO JUNIOR QUITIRNA","ARMANDO BROJA","Wycombe","Burnley","CH",6,123411,0.212839093273876,TRUE
624,"M","CALEB WATTS","CALEB WATTS","Plymouth","Plymouth","CH",6,134561,0,FALSE
625,"M","CALLUM HUDSON-ODOI","CALLUM HUDSON-ODOI","Nottingham Forest","Nottingham Forest","PL",6,107004,0,FALSE
626,"M","CALUM AGIUS","CALUM AGIUS","Crewe","Crewe","L2",6,182804,0,FALSE
627,"M","CAMERON BRANNAGAN","CAMERON BRANNAGAN","Oxford","Oxford","L1",6,74212,0,FALSE
628,"M","ENZO LE FEE","ENZO LE FEE","Sunderland","Sunderland","PL",6,122732,0,FALSE
629,"M","ETHON ARCHER","ETHON ARCHER","Cheltenham","Bromley","L1",6,185561,0,FALSE
630,"M","FRASER MURRAY","FRASER MURRAY","Wigan","Wigan","L1",6,96431,0,FALSE
631,"M","HAYDEN HACKNEY","HAYDEN HACKNEY","Middlesbrough","Everton","PL",6,117169,0,FALSE
632,"M","ILIMAN NDIAYE","ILIMAN NDIAYE","Everton","Everton","PL",6,109332,0,FALSE
633,"M","ISAAK DAVIES","ISAAK DAVIES","Cardiff","Cardiff","CH",6,137608,0,FALSE
634,"M","JACK STEVENS","JACK STEVENS","Oldham","Reading","L1",6,77617,0,FALSE
635,"M","JACK STEVENS","JACK STEVENS","Oldham","Oldham","L2",6,127029,0,FALSE
636,"M","JOE GREY","JOE GREY","York","York","L2",6,126986,0,FALSE
637,"M","JOELINTON","JOELINTON","Newcastle","Newcastle","PL",6,84656,0,FALSE
638,"M","KURYU MATSUKI","KURYU MATSUKI","Southampton","Southampton","CH",6,151395,0,FALSE
639,"M","LIAM MANDEVILLE","LIAM MANDEVILLE","Chesterfield","Chesterfield","L2",6,81968,0,FALSE
640,"M","MIKEL MERINO","MIKEL MERINO","Arsenal","Arsenal","PL",6,77433,0,FALSE
641,"M","OLLIE CLARKE","OLLIE CLARKE","Swindon","Swindon","L2",6,53727,0,FALSE
642,"M","PAUL SMYTH","PAUL SMYTH","QPR","QPR","CH",6,89636,0,FALSE
643,"M","RILEY MCGREE","RILEY MCGREE","Middlesbrough","Middlesbrough","CH",6,90584,0,FALSE
644,"M","RYAN GRAVENBERCH","RYAN GRAVENBERCH","Liverpool","Liverpool","PL",6,112747,0,FALSE
645,"M","SAM HOSKINS","SAM HOSKINS","Northampton","Northampton","L2",6,61899,0,FALSE
646,"M","SHEA CHARLES","SHEA CHARLES","Southampton","Southampton","CH",6,143007,0,FALSE
647,"M","STEPHEN DUKE-MCKENNA","STEPHEN DUKE-MCKENNA","Harrogate","Crawley","L2",6,109609,0,FALSE
648,"M","THIERRY GALE","THIERRY GALE","Bolton","Bolton","CH",6,132818,0,FALSE
649,"M","TOMAS SOUCEK","TOMAS SOUCEK","West Ham","West Ham","CH",6,87225,0,FALSE
650,"M","YUSUF AKHAMRICH","YUSUF AKHAMRICH","Bristol Rovers","Leyton Orient","L1",6,166982,0,FALSE
651,"M","AIDAN BARLOW","AIDAN BORLAND","Rochdale","Aston Villa","PL",5,183703,0.109362859362859,TRUE
652,"M","ALEXIS MAC ALLISTER","ALEXIS MAC ALLISTER","Liverpool","Liverpool","PL",5,121587,0,FALSE
654,"M","ANTHONY SCULLY","ANTHONY SCULLY","Shrewsbury","Shrewsbury","L2",5,108800,0,FALSE
656,"M","ARMANDO DOBRA","ARMANDO DOBRA","Chesterfield","Leyton Orient","L1",5,122962,0,FALSE
657,"M","BOBBY DE CORDOVA-REID","BOBBY DE CORDOVA-REID","Leicester","Leicester","L1",5,59412,0,FALSE
658,"M","BOBBY KAMWA","BOBBY KAMWA","Newport","Bristol Rovers","L2",5,136091,0,FALSE
659,"M","CAMERON ANTWI","CAMERON ANTWI","Newport","Gillingham","L2",5,132980,0,FALSE
660,"M","CAMIEL NEGHLI","CAMIEL NEGHLI","Millwall","Millwall","CH",5,179252,0,FALSE
661,"M","CHARLIE MCCANN","CHARLIE MCCANN","Barrow","Cheltenham","L2",5,125649,0,FALSE
662,"M","CIAN ASHFORD","CIAN ASHFORD","Cardiff","Cardiff","CH",5,182016,0,FALSE
663,"M","DANIEL KYEREWAA","DANIEL KYEREWAA","Reading","Reading","L1",5,158855,0,FALSE
664,"M","DECLAN RICE","DECLAN RICE","Arsenal","Arsenal","PL",5,96150,0,FALSE
665,"M","DEMARAI GRAY","DEMARAI GRAY","Birmingham","Birmingham","CH",5,72724,0,FALSE
666,"M","ELLIS TAYLOR","OLLIE TAYLOR","Harrogate","Mansfield","L1",5,185546,0.101010101010101,TRUE
667,"M","EMILE SMITH ROWE","EMILE SMITH ROWE","Fulham","Fulham","PL",5,113376,0,FALSE
668,"M","ETHAN ENNIS","ETHAN NWANERI","Fleetwood","Arsenal","PL",5,166661,0.140559440559441,TRUE
669,"M","HAKEEB ADELAKUN","HAKEEB ADELAKUN","Doncaster","Doncaster","L1",5,68679,0,FALSE
670,"M","IDRIS EL MIZOUNI","IDRIS EL MIZOUNI","Leyton Orient","Leyton Orient","L1",5,119216,0,FALSE
671,"M","ISAAC HEATH","ISAAC HEATH","Accrington","Cambridge","L1",5,167202,0,FALSE
672,"M","ISAAC SINCLAIR","ISAAC SINCLAIR","Accrington","Accrington","L2",5,123636,0,FALSE
673,"M","JAKE RICHARDS","JAKE RICHARDS","Luton","Luton","L1",5,181985,0,FALSE
674,"M","JAMES BERRY","JAMIE STERRY","Chesterfield","Doncaster","L1",5,82227,0.119191919191919,TRUE
675,"M","JAMES BROPHY","JAMES BROPHY","Cambridge","Gillingham","L2",5,86778,0,FALSE
676,"M","JAMIE WALKER","JAMIE WALKER","Grimsby","Grimsby","L2",5,63586,0,FALSE
677,"M","JOSH HAWKES","JOSH HAWKES","Oldham","Oldham","L2",5,101331,0,FALSE
678,"M","KEANE LEWIS-POTTER","KEANE LEWIS-POTTER","Brentford","Brentford","PL",5,118115,0,FALSE
679,"M","LIAM CULLEN","LIAM CULLEN","Swansea","Leicester","L1",5,107045,0,FALSE
680,"M","LOUIS REED","LOUIS REED","Mansfield","Mansfield","L1",5,74868,0,FALSE
682,"M","LUCAS PAQUETA","LUCAS PIRES","West Ham","Burnley","CH",5,146683,0.219114219114219,TRUE
683,"M","MALACHI BOATENG","MALACHI BOATENG","Plymouth","Plymouth","CH",5,143882,0,FALSE
684,"M","MARTIN ZUBIMENDI","MARTIN ZUBIMENDI","Arsenal","Arsenal","PL",5,119645,0,FALSE
685,"M","MATEUS FERNANDES","MATEUS FERNANDES","West Ham","Tottenham","PL",5,165614,0,FALSE
686,"M","MATHIAS JENSEN","MATHIAS JENSEN","Brentford","Brentford","PL",5,85612,0,FALSE
687,"M","MATHIAS JORGENSEN","MATHIAS JORGENSEN","Blackburn","Blackburn","CH",5,111537,0,FALSE
688,"M","MATT BUTCHER","MATT BUTCHER","Salford","Salford","L2",5,82438,0,FALSE
689,"M","MATT CROOKS","MATT CROOKS","Hull","Hull","CH",5,60015,0,FALSE
690,"M","MICHAEL SPELLMAN","MICHAEL SPELLMAN","Newport","Newport","L2",5,163601,0,FALSE
691,"M","MOISES CAICEDO","MOISES CAICEDO","Chelsea","Chelsea","PL",5,134664,0,FALSE
692,"M","NNAMDI OFOBORH","NNAMDI OFOBORH","Barnet","Barnet","L2",5,115449,0,FALSE
693,"M","PATRICK ROBERTS","PATRICK ROBERTS","Birmingham","Birmingham","CH",5,75028,0,FALSE
694,"M","RAYAN","RAYAN","Bournemouth","Bournemouth","PL",5,173176,0,FALSE
695,"M","RODRIGO GOMES","RODRIGO GOMES","Wolves","Wolves","CH",5,134451,0,FALSE
696,"M","RONALD","RONALD","Swansea","Swansea","CH",5,146657,0,FALSE
698,"M","SHAUN WHALLEY","SHAUN WHALLEY","Accrington","Accrington","L2",5,39596,0,FALSE
699,"M","SHAYDEN MORRIS","SHAYDEN MORRIS","Luton","Luton","L1",5,125538,0,FALSE
700,"M","SYDIE PECK","SYDIE PECK","Sheffield United","Sheffield United","CH",5,170215,0,FALSE
701,"M","TODD CANTWELL","TODD CANTWELL","Blackburn","Blackburn","CH",5,96026,0,FALSE
702,"M","TOMMY LEIGH","TOMMY LEIGH","Bristol Rovers","Bristol Rovers","L2",5,143431,0,FALSE
703,"M","TYLER WALTON","TYLER WALTON","Accrington","Accrington","L2",5,94182,0,FALSE
704,"M","XAVI SIMONS","XAVI SIMONS","Tottenham","Tottenham","PL",5,131066,0,FALSE
705,"M","YEREMY PINO","YEREMY PINO","Crystal Palace","Crystal Palace","PL",5,134998,0,FALSE
706,"M","ALAN BROWNE","ALAN BROWNE","Middlesbrough","Sunderland","PL",4,69490,0,FALSE
707,"M","ALEX HENDERSON","ALEX HENDERSON","Accrington","Accrington","L2",4,183956,0,FALSE
708,"M","ALEX IWOBI","ALEX IWOBI","Fulham","Fulham","PL",4,72651,0,FALSE
709,"M","ALEX SCOTT","ALEX SCOTT","Bournemouth","Bournemouth","PL",4,138049,0,FALSE
712,"M","ARMANI LITTLE","ARMANI LITTLE","Gillingham","Gillingham","L2",4,107795,0,FALSE
713,"M","BEN WHITFIELD","BEN WHITE","Burton","Arsenal","PL",4,94482,0.102564102564103,TRUE
714,"M","BILLY BODIN","BILLY BODIN","Swindon","Swindon","L2",4,53484,0,FALSE
715,"M","BOBBY CLARK","BOBBY CLARK","Derby","Derby","CH",4,145985,0,FALSE
717,"M","BRENNAN JOHNSON","BRENNAN JOHNSON","Crystal Palace","Crystal Palace","PL",4,123261,0,FALSE
718,"M","CAMERON ASHIA","CAMERON ASHIA","Huddersfield","Huddersfield","L1",4,196977,0,FALSE
719,"M","CAOLAN BOYD-MUNCE","CAOLAN BOYD-MUNCE","Wycombe","Wycombe","L1",4,123393,0,FALSE
720,"M","CHEM CAMPBELL","CHEM CAMPBELL","Stevenage","Stevenage","L1",4,126233,0,FALSE
721,"M","CHEMSDINE TALBI","CHEMSDINE TALBI","Sunderland","Sunderland","PL",4,175429,0,FALSE
722,"M","CJ HAMILTON","CJ HAMILTON","Blackpool","Blackpool","L1",4,81935,0,FALSE
723,"M","CONNOR MCBRIDE","CONNOR O'BRIEN","Rochdale","Accrington","L2",4,165247,0.142857142857143,TRUE
724,"M","EDO KAYEMBE","EDO KAYEMBE","Watford","Watford","CH",4,109731,0,FALSE
725,"M","ELLIOT ANDERSON","ELLIOT ANDERSON","Nottingham Forest","Manchester City","PL",4,87583,0,FALSE
726,"M","ELLIOT LEE","ELLIOT LEE","Doncaster","Wrexham","CH",4,68689,0,FALSE
727,"M","EVAN KHOURI","EVAN KHOURI","Grimsby","Grimsby","L2",4,125094,0,FALSE
728,"M","GARATH MCCLEARY","GARATH MCCLEARY","Gillingham","Gillingham","L2",4,48845,0,FALSE
729,"M","GONCALO FRANCO","GONCALO FRANCO","Swansea","Swansea","CH",4,133386,0,FALSE
730,"M","GREG OLLEY","GREG OLLEY","York","York","L2",4,95158,0,FALSE
731,"M","HARRISON BETTONI","HARRISON BETTONI","Wigan","Chelsea","PL",4,210506,0,FALSE
732,"M","HARRY FORSTER","HARRY FORSTER","Crawley","Crawley","L2",4,122161,0,FALSE
733,"M","HARVEY VALE","HARVEY VALE","QPR","QPR","CH",4,133108,0,FALSE
734,"M","HARVEY WHITE","HARVEY WHITE","Stevenage","Plymouth","CH",4,115841,0,FALSE
735,"M","IBRAHIM CISSOKO","IBRAHIM OSMAN","Bolton","Brighton","PL",4,174838,0.221367521367521,TRUE
736,"M","JACK HINSHELWOOD","JACK HINSHELWOOD","Brighton","Brighton","PL",4,145294,0,FALSE
737,"M","JACOB MURPHY","JACOB MURPHY","Newcastle","Newcastle","PL",4,74195,0,FALSE
738,"M","JAY WILLIAMS","JAY WILLIAMS","Crawley","Crawley","L2",4,114844,0,FALSE
739,"M","JAYDEN FEVRIER","JAYDEN FEVRIER","Charlton","Blackburn","CH",4,136039,0,FALSE
740,"M","JAYDON BANEL","JAYDON BANEL","Derby","Burnley","CH",4,162691,0,FALSE
741,"M","JOE SNOWDON","JOE SNOWDON","Swindon","Swindon","L2",4,144987,0,FALSE
742,"M","JORDAN GIBSON","JORDAN GIBSON","Doncaster","Crewe","L2",4,93316,0,FALSE
743,"M","JORGE GRANT","JORGE GRANT","Salford","Salford","L2",4,77156,0,FALSE
744,"M","JOSH ECCLES","JOSH ECCLES","Coventry","Coventry","PL",4,114246,0,FALSE
745,"M","JOSH MARTIN","JOSH MARTIN","Cheltenham","Cheltenham","L2",4,125078,0,FALSE
746,"M","JUSTIN AMALUZOR","JUSTIN AMALUZOR","Grimsby","Grimsby","L2",4,94512,0,FALSE
747,"M","KADEEM HARRIS","KADEEM HARRIS","Salford","Gillingham","L2",4,52670,0,FALSE
748,"M","KAMARI DOYLE","KAMARI DOYLE","Reading","Brighton","PL",4,144973,0,FALSE
749,"M","LAMINE CISSE","LAMINE CISSE","Stoke","Stoke","CH",4,177121,0,FALSE
750,"M","LEWIS BAKER","LEWIS BAKER","Stoke","Stoke","CH",4,72642,0,FALSE
751,"M","LEWIS KOUMAS","LEWIS KOUMAS","Hull","Liverpool","PL",4,166966,0,FALSE
752,"M","LEWIS O'BRIEN","LEWIS O'BRIEN","Wrexham","Wrexham","CH",4,110101,0,FALSE
753,"M","LOUIE BARRY","LOUIE BARRY","Stockport","Sheffield Wednesday","L1",4,116556,0,FALSE
754,"M","LUCA CONNELL","LUCA CONNELL","Barnsley","Barnsley","L1",4,118095,0,FALSE
755,"M","LUKE CUNDLE","LUKE CUNDLE","Millwall","Millwall","CH",4,116525,0,FALSE
756,"M","MARCELINO NUNEZ","MARCELINO NUNEZ","Ipswich","Ipswich","PL",4,139918,0,FALSE
757,"M","MARK SYKES","MARK SYKES","Bristol City","Millwall","CH",4,84394,0,FALSE
758,"M","MIKKEL DAMSGAARD","MIKKEL DAMSGAARD","Brentford","Brentford","PL",4,108888,0,FALSE
759,"M","NESTORY IRANKUNDA","NESTORY IRANKUNDA","Watford","Watford","CH",4,145116,0,FALSE
760,"M","NICK TSAROULLA","NICK TSAROULLA","Notts County","Notts County","L1",4,114320,0,FALSE
761,"M","ODIN BAILEY","ODIN BAILEY","Stockport","Portsmouth","CH",4,111519,0,FALSE
762,"M","OLIVER IROW","OLIVER IROW","Mansfield","Tottenham","PL",4,195400,0,FALSE
763,"M","OLLIE O'NEILL","OLLIE O'NEILL","Leyton Orient","Leyton Orient","L1",4,133536,0,FALSE
765,"M","OTHMANE MAAMMA","OTHMANE MAAMMA","Watford","Watford","CH",4,185572,0,FALSE
766,"M","REGAN HENDRY","REGAN HENDRY","Mansfield","Mansfield","L1",4,93064,0,FALSE
767,"M","ROBBIE MCKENZIE","ROBBIE MCKENZIE","Gillingham","Gillingham","L2",4,107301,0,FALSE
768,"M","RONAN CURTIS","RONAN CURTIS","Plymouth","Plymouth","CH",4,88877,0,FALSE
769,"M","RUBEN RODRIGUES","RUBEN RODRIGUES","Bolton","Bolton","CH",4,133581,0,FALSE
770,"M","RYAN CROASDALE","RYAN CROASDALE","Port Vale","Port Vale","L2",4,73080,0,FALSE
771,"M","RYAN GLOVER","RYAN GLOVER","Barnet","Stockport","L1",4,135760,0,FALSE
772,"M","RYOYA MORISHITA","RYOYA MORISHITA","Blackburn","Blackburn","CH",4,148563,0,FALSE
773,"M","SAMMIE SZMODICS","SAM SZMODICS","Derby","Derby","CH",4,72691,0.163888888888889,FALSE
774,"M","SAVINHO","SAVINHO","Manchester City","Manchester City","PL",4,146518,0,FALSE
775,"M","SEUNG-HO PAIK","SEAN HOGAN","Birmingham","Bolton","CH",4,205355,0.236538461538461,TRUE
776,"M","SHAQ FORDE","SHAQ FORDE","Bristol Rovers","Bristol Rovers","L2",4,149123,0,FALSE
777,"M","SINDRE WALLE EGELI","SINDRE EGELI","Ipswich","Ipswich","PL",4,145653,0.152777777777778,FALSE
778,"M","STEPHY MAVIDIDI","STEPHY MAVIDIDI","Leicester","Leicester","L1",4,96855,0,FALSE
779,"M","TOM INCE","TOM INCE","Watford","Tranmere","L2",4,55425,0,FALSE
780,"M","TYREIK WRIGHT","TYREIK WRIGHT","Bradford","Bradford","L1",4,125075,0,FALSE
781,"M","WILL HONDERMARCK","WILL HONDERMARCK","Bromley","Bromley","L1",4,125103,0,FALSE
782,"M","YASIN AYARI","YASIN AYARI","Brighton","Brighton","PL",4,130428,0,FALSE
783,"M","AARON NEMANE","AARON NEMANE","Milton Keynes","Rotherham","L2",3,107402,0,FALSE
784,"M","AARON RAMSEY","AARON RAMSEY","Leicester","Burnley","CH",3,133527,0,FALSE
785,"M","ADAM RANDELL","ADAM RANDELL","Bristol City","Bristol City","CH",3,117330,0,FALSE
786,"M","AMINE ADLI","AMINE ADLI","Bournemouth","Bournemouth","PL",3,123812,0,FALSE
787,"M","ANDREY SANTOS","ANDREY SANTOS","Chelsea","Manchester United","PL",3,149539,0,FALSE
788,"M","ANTHONY ELANGA","ANTHONY ELANGA","Newcastle","Newcastle","PL",3,125650,0,FALSE
789,"M","ARCHIE COLLINS","ARCHIE COLLINS","Peterborough","Peterborough","L1",3,97831,0,FALSE
790,"M","BARRY BANNAN","BARRY BANNAN","Millwall","Sheffield Wednesday","L1",3,50775,0,FALSE
791,"M","BEN CLOSE","BEN CLOSE","Doncaster","Doncaster","L1",3,75865,0,FALSE
792,"M","BEN LLOYD","BEN LLOYD","Newport","Swansea","CH",3,143697,0,FALSE
793,"M","BEN WOODBURN","BEN WOODBURN","Salford","Salford","L2",3,92321,0,FALSE
794,"M","BERNARDO SILVA","BEN DAVIES","Manchester City","Tottenham","PL",3,65492,0.226455026455026,TRUE
795,"M","BERNARDO SILVA","BEN DAVIES","Manchester City","Bolton","CH",3,69047,0.226455026455026,TRUE
796,"M","BRADLEY IBRAHIM","BRADLEY IBRAHIM","Plymouth","Plymouth","CH",3,153724,0,FALSE
797,"M","BRAJAN GRUDA","BRAIDEN GRAHAM","Brighton","Everton","PL",3,182053,0.184126984126984,TRUE
798,"M","BRANDON KHELA","BRANDON KHELA","Peterborough","Peterborough","L1",3,157666,0,FALSE
799,"M","BRYN MORRIS","SHAYDEN MORRIS","Harrogate","Luton","L1",3,125538,0.17965367965368,TRUE
800,"M","CARLOS VICENTE","CARLOS VICENTE","Birmingham","Birmingham","CH",3,164704,0,FALSE
801,"M","CAYLAN VICKERS","CAYLAN VICKERS","Wigan","Brighton","PL",3,181641,0,FALSE
802,"M","CIAN HAYES","CIAN HAYES","Peterborough","Rochdale","L2",3,126496,0,FALSE
803,"M","CONOR GRANT","CONOR GRANT","Notts County","Accrington","L2",3,70730,0,FALSE
804,"M","CONOR GRANT","CONOR GRANT","Notts County","Notts County","L1",3,124927,0,FALSE
805,"M","CONOR THOMAS","CONOR THOMAS","Crewe","Crewe","L2",3,55832,0,FALSE
806,"M","COREY WHITELY","COREY WHITELY","Bromley","Bromley","L1",3,95540,0,FALSE
807,"M","CURTIS JONES","CURTIS JONES","Liverpool","Liverpool","PL",3,111601,0,FALSE
808,"M","DARA COSTELLOE","DARA COSTELLOE","Wigan","Wigan","L1",3,160286,0,FALSE
809,"M","DAVID TURNBULL","DAVID TURNBULL","Cardiff","Cardiff","CH",3,86689,0,FALSE
810,"M","DELANO BURGZORG","DELANO BURGZORG","Bristol City","Middlesbrough","CH",3,112711,0,FALSE
811,"M","FABIO CARVALHO","FABIO CARVALHO","Brentford","Brentford","PL",3,116280,0,FALSE
812,"M","FLYNN DOWNES","FLYNN DOWNES","Southampton","Southampton","CH",3,102691,0,FALSE
813,"M","HABIB DIARRA","HABIB DIARRA","Sunderland","Sunderland","PL",3,144086,0,FALSE
814,"M","HARRY ASHFIELD","HARRY ASHFIELD","Cheltenham","Wrexham","CH",3,183946,0,FALSE
815,"M","HARVEY KNIBBS","HARVEY KNIBBS","Charlton","Charlton","CH",3,104284,0,FALSE
816,"M","HIRAM BOATENG","HIRAM BOATENG","York","York","L2",3,68931,0,FALSE
817,"M","ILMARI NISKANEN","ILMARI NISKANEN","Exeter","Blackpool","L1",3,77131,0,FALSE
818,"M","ISMEAL KABIA","ISMEAL KABIA","Shrewsbury","Arsenal","PL",3,187180,0,FALSE
819,"M","JACK AITCHISON","JACK AITCHISON","Exeter","Bristol Rovers","L2",3,91562,0,FALSE
820,"M","JAIRO RIEDEWALD","JAIRO RIEDEWALD","Sheffield United","Sheffield United","CH",3,74086,0,FALSE
821,"M","JAMES GARNER","JAMES GARNER","Everton","Everton","PL",3,113513,0,FALSE
822,"M","JAMES TILLEY","JAMES TILLEY","Wimbledon","Wimbledon","L1",3,82566,0,FALSE
823,"M","JAMIE MULLINS","JAMIE MULLINS","Wycombe","Wycombe","L1",3,140617,0,FALSE
824,"M","JED WALLACE","JED WALLACE","West Bromwich","Bristol City","CH",3,64940,0,FALSE
825,"M","JESURUN RAK-SAKYI","JESURUN RAK-SAKYI","Stoke","Crystal Palace","PL",3,138945,0,FALSE
826,"M","JI-SUNG EOM","JUNIOR NKENG","Swansea","Wimbledon","L1",3,185542,0.306186868686869,TRUE
827,"M","JOHN SWIFT","JOHN SWIFT","Portsmouth","Portsmouth","CH",3,76002,0,FALSE
828,"M","JON MELLISH","JON MELLISH","Milton Keynes","Wigan","L1",3,102623,0,FALSE
829,"M","JORDAN DAVIES","JORDAN DAVIES","Fleetwood","Tranmere","L2",3,94452,0,FALSE
830,"M","JOSH KOROMA","JOSH KOROMA","Leyton Orient","Chesterfield","L2",3,90720,0,FALSE
831,"M","JOSH NEUFVILLE","JOSH NEUFVILLE","Bradford","Bradford","L1",3,108271,0,FALSE
832,"M","JOSH SHEEHAN","JOSH SHEEHAN","Bolton","Bolton","CH",3,70940,0,FALSE
833,"M","JOSH STOKES","JOSH STOKES","Stockport","Reading","L1",3,145733,0,FALSE
834,"M","JUN-HO BAE","JOSHUA ABE","Stoke","Liverpool","PL",3,222036,0.2375,TRUE
835,"M","KAI WHITMORE","KAI WHITMORE","Newport","Newport","L2",3,154939,0,FALSE
836,"M","KAORU MITOMA","KAORU MITOMA","Brighton","Brighton","PL",3,144854,0,FALSE
837,"M","KASEY MCATEER","KASEY MCATEER","Ipswich","Ipswich","PL",3,133544,0,FALSE
839,"M","KEVIN","KEVIN","Fulham","Fulham","PL",3,146678,0,FALSE
840,"M","KOKI SAITO","KOKI SAITO","QPR","QPR","CH",3,162494,0,FALSE
841,"M","KYLE DEMPSEY","KYLE DEMPSEY","Bolton","Port Vale","L2",3,74369,0,FALSE
842,"M","LESLEY UGOCHUKWU","LEE BURGE","Burnley","Northampton","L2",3,58556,0.319444444444445,TRUE
843,"M","LESLEY UGOCHUKWU","LYNDEN GOOCH","Burnley","Huddersfield","L1",3,81463,0.319444444444445,TRUE
844,"M","LEWIS MILEY","LEWIS MILEY","Newcastle","Newcastle","PL",3,166509,0,FALSE
845,"M","LIAM MILLAR","LIAM MILLAR","Hull","Hull","CH",3,111277,0,FALSE
846,"M","LOUM TCHAOUNA","LOUM TCHAOUNA","Burnley","Coventry","PL",3,143494,0,FALSE
847,"M","LUKE HARRIS","LUKE HARRIS","Wycombe","Fulham","PL",3,165688,0,FALSE
848,"M","MASON MOUNT","MASON MOUNT","Manchester United","Manchester United","PL",3,96788,0,FALSE
849,"M","MATEUS MANE","MATEUS MANE","Wolves","Wolves","CH",3,189243,0,FALSE
850,"M","MATTHEW GARBETT","MATTHEW GARBETT","Peterborough","Peterborough","L1",3,129090,0,FALSE
851,"M","MATTY VIRTUE","MATTY VIRTUE","Fleetwood","Swindon","L2",3,110247,0,FALSE
852,"M","MATUS HOLICEK","MATUS HOLICEK","Crewe","Crewe","L2",3,163394,0,FALSE
853,"M","MAX SANDERS","MAX SANDERS","Crewe","Notts County","L1",3,100071,0,FALSE
854,"M","MIN-HYEOK YANG","YANG MIN-HYEOK","Coventry","Tottenham","PL",3,187873,0.261904761904762,TRUE
855,"M","MOHAMED BELLOUMI","MOHAMED BELLOUMI","Hull","Hull","CH",3,139970,0,FALSE
856,"M","MOHAMMED KUDUS","MOHAMMED KUDUS","Tottenham","Tottenham","PL",3,114285,0,FALSE
857,"M","MYLES PEART-HARRIS","MYLES PEART-HARRIS","Oxford","Middlesbrough","CH",3,133107,0,FALSE
858,"M","NICOLAS MADSEN","NICOLAS MADSEN","QPR","QPR","CH",3,111727,0,FALSE
859,"M","OLLIE TANNER","OLLIE TANNER","Cardiff","Cardiff","CH",3,124880,0,FALSE
860,"M","OWEN MOXON","OWEN MOXON","Wigan","Stockport","L1",3,80983,0,FALSE
861,"M","PATRICK KELLY","PATRICK KELLY","Barnsley","Barnsley","L1",3,140780,0,FALSE
862,"M","PELLY RUDDOCK MPANZU","PELLY MPANZU","Cambridge","Cambridge","L1",3,72067,0.216666666666667,FALSE
863,"M","PRZEMYSLAW PLACHETA","PRZEMYSLAW PLACHETA","Oxford","Oxford","L1",3,120962,0,FALSE
864,"M","RONAN DARCY","RONAN DARCY","Crawley","Wigan","L1",3,120093,0,FALSE
865,"M","ROSS BARKLEY","ROSS BARKLEY","Aston Villa","Aston Villa","PL",3,56987,0,FALSE
866,"M","RYAN FINNIGAN","RYAN MANNING","Walsall","Southampton","CH",3,100390,0.13966588966589,TRUE
867,"M","SAMUEL CHUKWUEZE","SAMUEL EDOZIE","Fulham","Southampton","CH",3,133494,0.201923076923077,TRUE
868,"M","SANDRO TONALI","SANDRO TONALI","Newcastle","Tottenham","PL",3,106569,0,FALSE
870,"M","STANLEY MILLS","STANLEY MILLS","Oxford","Oxford","L1",3,144985,0,FALSE
871,"M","TARRYN ALLARAKHIA","TAYLAN HARRIS","Rochdale","Luton","L1",3,182818,0.220902463549522,TRUE
872,"M","TAYLOR RICHARDS","TAYLOR RICHARDS","Crawley","Crawley","L2",3,107016,0,FALSE
873,"M","TIMUR TUTEROV","TYMUR TUTIEROV","Exeter","Sunderland","PL",3,170273,0.0732600732600733,TRUE
874,"M","TOBIAS BRENAN","TOBIAS BRENAN","Harrogate","Wigan","L1",3,209015,0,FALSE
875,"M","TOM BAYLISS","TOM BAYLISS","Lincoln","Lincoln","CH",3,106137,0,FALSE
876,"M","TOM IORPENDA","TOM IORPENDA","Notts County","Huddersfield","L1",3,184929,0,FALSE
877,"M","TOM PETT","TOM PETT","Oldham","Oldham","L2",3,77004,0,FALSE
878,"M","TOMOKI IWATA","TOMOKI IWATA","Birmingham","Birmingham","CH",3,120523,0,FALSE
879,"M","TYREECE CAMPBELL","TYREECE CAMPBELL","Charlton","Charlton","CH",3,157669,0,FALSE
880,"M","TYRIQUE GEORGE","TYRIQUE GEORGE","Chelsea","Everton","PL",3,182725,0,FALSE
881,"M","VIMAL YOGANATHAN","VIMAL YOGANATHAN","Barnsley","Barnsley","L1",3,181982,0,FALSE
882,"M","XAVIER AMAECHI","XAVIER AMAECHI","Plymouth","Plymouth","CH",3,122953,0,FALSE
883,"M","YANKUBA MINTEH","YANKUBA MINTEH","Brighton","Brighton","PL",3,166440,0,FALSE
884,"M","AARON MORLEY","AARON MORLEY","Wycombe","Wycombe","L1",2,94489,0,FALSE
885,"M","AIDOMO EMAKHU","AIDOMO EMAKHU","Oxford","Oxford","L1",2,139179,0,FALSE
886,"M","AKEEL HIGGINS","AKEEL HIGGINS","Exeter","Wigan","L1",2,184468,0,FALSE
887,"M","ALEX PATTISON","ALEX PATTISON","Walsall","Walsall","L2",2,85452,0,FALSE
888,"M","ALISTAIR SMITH","ALISTAIR SMITH","Wimbledon","Wimbledon","L1",2,117049,0,FALSE
889,"M","AMADOU ONANA","AMADOU ONANA","Aston Villa","Aston Villa","PL",2,130736,0,FALSE
890,"M","ANDRE VIDIGAL","ANDRE VIDIGAL","Wycombe","Wycombe","L1",2,112691,0,FALSE
891,"M","ARCHIE GRAY","ARCHIE GRAY","Tottenham","Tottenham","PL",2,144990,0,FALSE
892,"M","AR'JANY MARTHA","AR'JANY MARTHA","Rotherham","Rotherham","L2",2,140730,0,FALSE
893,"M","ASHLEY CHARLES","ASHLEY CHARLES","Bromley","Bromley","L1",2,118598,0,FALSE
894,"M","BEN OSBORN","BEN OSBORN","Stockport","Stockport","L1",2,73957,0,FALSE
895,"M","BRIAN DE KEERSMAECKER","BRIAN DE KEERSMAECKER","Oxford","Oxford","L1",2,119767,0,FALSE
896,"M","CALLUM LANG","CALLUM LANG","Preston","Preston","CH",2,92842,0,FALSE
897,"M","CALLUM MAYCOCK","CALLUM MAYCOCK","Wimbledon","Wimbledon","L1",2,94502,0,FALSE
898,"M","CASEY PETTIT","CASEY PETTIT","Rochdale","Rochdale","L2",2,165853,0,FALSE
899,"M","CHARLIE SAVAGE","CHARLIE SAVAGE","Reading","Reading","L1",2,144386,0,FALSE
900,"M","CHARLIE WELLENS","CHARLIE WELLENS","Leyton Orient","Leyton Orient","L1",2,134266,0,FALSE
901,"M","CHRISTANTUS UCHE","CHRISTIAN CHIGOZIE","Crystal Palace","Luton","L1",2,191657,0.194444444444445,TRUE
902,"M","COREY BLACKETT-TAYLOR","COREY BLACKETT-TAYLOR","Bolton","Derby","CH",2,87739,0,FALSE
903,"M","COURTNEY CLARKE","COURTNEY CLARKE","Walsall","Walsall","L2",2,182228,0,FALSE
904,"M","CRISPIN MCLEAN","CRISPIN MCLEAN","Fleetwood","Fleetwood","L2",2,197139,0,FALSE
905,"M","DAN NDOYE","DAN NDOYE","Nottingham Forest","Nottingham Forest","PL",2,130286,0,FALSE
907,"M","DARREN OLDAKER","DANIEL ARMER","Swindon","Manchester United","PL",2,190084,0.217460317460317,TRUE
908,"M","DAVID BROOKS","DAVID BROOKS","Bournemouth","Bournemouth","PL",2,87759,0,FALSE
909,"M","DAVID KASUMU","DAVID KASUMU","Huddersfield","Huddersfield","L1",2,91152,0,FALSE
910,"M","DAVID OZOH","DAVID OZOH","Derby","Crystal Palace","PL",2,163652,0,FALSE
911,"M","DIVINE MUKASA","DIVINE MUKASA","Leicester","Manchester City","PL",2,174465,0,FALSE
912,"M","DOM JEFFERIES","DOM JEFFERIES","Lincoln","Lincoln","CH",2,125136,0,FALSE
913,"M","DOMINIC BALL","DOMINIC BALL","Cambridge","Cambridge","L1",2,75115,0,FALSE
914,"M","DYLAN DUFFY","DYLAN DUFFY","Chesterfield","Chesterfield","L2",2,143184,0,FALSE
915,"M","ELLIOT BONDS","ELLIOTT BONDS","Fleetwood","Salford","L2",2,110862,0.0256410256410255,TRUE
916,"M","ELLIOT NEWBY","ELLIOT LEE","Barrow","Wrexham","CH",2,68689,0.177777777777778,TRUE
917,"M","ELLIOTT LIST","ELLIOTT LIST","Northampton","Northampton","L2",2,86675,0,FALSE
918,"M","GEORGE ABBOTT","GEORGE ABBOTT","Mansfield","Tottenham","PL",2,166527,0,FALSE
919,"M","GEORGE DOBSON","GEORGE DOBSON","Wrexham","Wrexham","CH",2,90300,0,FALSE
920,"M","GEORGE EVANS","GEORGE EVANS","Burton","Burton","L1",2,67638,0,FALSE
921,"M","GEORGE EVANS","GEORGE EVANS","Burton","Bromley","L1",2,199546,0,FALSE
922,"M","GEORGE EVANS","GEORGE EVANS","Burton","Millwall","CH",2,201654,0,FALSE
923,"F","GEORGE EVANS","GEORGE EVANS","Bromley","Burton","L1",1,67638,0,FALSE
924,"F","GEORGE EVANS","GEORGE EVANS","Bromley","Bromley","L1",1,199546,0,FALSE
925,"F","GEORGE EVANS","GEORGE EVANS","Bromley","Millwall","CH",1,201654,0,FALSE
926,"M","GEORGE HALL","GEORGE HALL","Port Vale","Port Vale","L2",2,147554,0,FALSE
927,"M","GEORGE HONEYMAN","GEORGE HONEYMAN","Blackpool","Blackpool","L1",2,81316,0,FALSE
928,"M","GEORGE MARIS","GEORGE MARIS","Mansfield","Mansfield","L1",2,76831,0,FALSE
929,"M","GEORGE SAVILLE","GEORGE SAVILLE","Luton","Luton","L1",2,68046,0,FALSE
930,"M","GERALDO BAJRAMI","GERALDO BAJRAMI","Crawley","Burton","L1",2,123398,0,FALSE
931,"M","HAKEEM ODOFFIN","HAKEEM ODOFFIN","Luton","Luton","L1",2,88190,0,FALSE
932,"M","HARRISON BIGGINS","HARRISON BIGGINS","Newport","Newport","L2",2,107548,0,FALSE
933,"M","HARRISON REED","HARRISON REED","Fulham","Fulham","PL",2,72074,0,FALSE
934,"M","HARRY CLIFTON","HARRY CLIFTON","Doncaster","Doncaster","L1",2,85722,0,FALSE
936,"M","HARVEY GILMOUR","HARVEY GILMOUR","Rochdale","Rochdale","L2",2,99454,0,FALSE
937,"M","HERBIE KANE","HERBIE KANE","Plymouth","Huddersfield","L1",2,92320,0,FALSE
938,"M","IBRAHIM FULLAH","IBRAHIM FULLAH","Charlton","Charlton","CH",2,205433,0,FALSE
939,"M","IBRAHIM OSMAN","IBRAHIM OSMAN","Birmingham","Brighton","PL",2,174838,0,FALSE
940,"M","IBRAHIM SANGARE","IBRAHIM SANGARE","Nottingham Forest","Nottingham Forest","PL",2,92918,0,FALSE
941,"M","IDRIS KANU","IDRIS KANU","Barnet","Barnet","L2",2,97162,0,FALSE
942,"M","IDRISSA GUEYE","IDRIS KANU","Everton","Barnet","L2",2,97162,0.236538461538461,TRUE
943,"M","JACK EARING","JACK PERKINS","Barrow","Northampton","L2",2,181224,0.143939393939394,TRUE
944,"M","JACK EVANS","JACK EVANS","Harrogate","Notts County","L1",2,130453,0,FALSE
945,"M","JACK GREALISH","JACK GREALISH","Everton","Manchester City","PL",2,64748,0,FALSE
946,"M","JACK HOLMES","JACK HOLMES","Rotherham","Rotherham","L2",2,168847,0,FALSE
947,"M","JACOB RAMSEY","JACOB RAMSEY","Newcastle","Newcastle","PL",2,118641,0,FALSE
948,"M","JAKE BURGER","JAKE BURGER","Rochdale","Rochdale","L2",2,183724,0,FALSE
949,"M","JAMIE MCDONNELL","JAMIE MCDONNELL","Mansfield","Oxford","L1",2,181227,0,FALSE
950,"M","JAY ROBINSON","JAY ROBINSON","Southampton","Southampton","CH",2,171100,0,FALSE
951,"M","JAYDEN LUKER","JAYDEN LUKER","Notts County","Luton","L1",2,172202,0,FALSE
952,"M","JENSEN WEIR","JENSEN WEIR","Wigan","Wigan","L1",2,108954,0,FALSE
953,"M","JENSON METCALFE","JENSON METCALFE","Bradford","Millwall","CH",2,162884,0,FALSE
954,"M","JHON ARIAS","JOHN MARQUIS","Wolves","Shrewsbury","L2",2,52181,0.153703703703704,TRUE
955,"M","JJ MCKIERNAN","JJ MCKIERNAN","Burton","Bromley","L1",2,156496,0,FALSE
956,"M","JOE PRITCHARD","JOE PRITCHARD","Rochdale","Rochdale","L2",2,107027,0,FALSE
957,"M","JOE TOMLINSON","JOE TOMLINSON","Milton Keynes","Cheltenham","L2",2,102683,0,FALSE
958,"M","JOE WARD","JOE WARD","Derby","Derby","CH",2,81170,0,FALSE
959,"M","JOEL NDALA","JOEL NDALA","Hull","Manchester City","PL",2,166486,0,FALSE
960,"M","JORDAN ROBERTS","JORDAN ROBERTS","Stevenage","Stevenage","L1",2,63852,0,FALSE
961,"M","JOSH AUSTERFIELD","JOSH AUSTERFIELD","Salford","Salford","L2",2,127043,0,FALSE
962,"M","JOSH BENSON","JOSH BENSON","Rotherham","Rotherham","L2",2,118449,0,FALSE
963,"M","JOSH BOWLER","JOSH BOWLER","Blackpool","Blackpool","L1",2,102690,0,FALSE
964,"M","JOSH CULLEN","JOSH CULLEN","Burnley","Burnley","CH",2,81734,0,FALSE
965,"M","JOSH KING","JOSH KING","Fulham","Fulham","PL",2,183899,0,FALSE
966,"M","JOSH LAURENT","JOSH LAURENT","Burnley","Burnley","CH",2,74251,0,FALSE
967,"M","JUDE ARTHURS","JUDE ARTHURS","Bromley","Crawley","L2",2,134467,0,FALSE
968,"M","JUNIOR NKENG","JUNIOR NKENG","Wimbledon","Wimbledon","L1",2,185542,0,FALSE
969,"M","JUSTIN DEVENNY","JUSTIN DEVENNY","Crystal Palace","Crystal Palace","PL",2,123762,0,FALSE
970,"M","JUSTIN KLUIVERT","JUSTIN KLUIVERT","Bournemouth","Bournemouth","PL",2,99970,0,FALSE
971,"M","KAI PAYNE","KAI PAYNE","Oldham","Wigan","L1",2,181483,0,FALSE
972,"M","KANE TAYLOR","DALE TAYLOR","Oldham","Blackpool","L1",2,146018,0.121212121212121,TRUE
973,"M","KANE THOMPSON-SOMMERS","KANE THOMPSON-SOMMERS","Bristol Rovers","Fleetwood","L2",2,165913,0,FALSE
974,"M","KELLAN GORDON","KELLAN GORDON","Crawley","Crawley","L2",2,96018,0,FALSE
975,"M","KESHI ANDERSON","KESHI ANDERSON","Portsmouth","Portsmouth","CH",2,81241,0,FALSE
976,"M","KIAN SPENCE","KIAN SPENCE","Rotherham","Rotherham","L2",2,108090,0,FALSE
977,"M","KWADWO BAAH","KWADWO BAAH","Watford","Watford","CH",2,125561,0,FALSE
978,"M","LAMINE FANNE","MARSELINO FERDINAN","Luton","Oxford","L1",2,152944,0.222222222222222,TRUE
979,"M","LAMINE FANNE","LAMINE CISSE","Luton","Stoke","CH",2,177121,0.222222222222222,TRUE
981,"M","LEE EVANS","LEE EVANS","Bradford","Bradford","L1",2,64634,0,FALSE
982,"M","LIAM FRASER","LIAM FRASER","Reading","Reading","L1",2,110405,0,FALSE
983,"M","LIAM KELLY","LIAM KELLY","Milton Keynes","Rotherham","L2",2,51384,0,FALSE
985,"M","LOUIS THOMPSON","LOUIS THOMPSON","Stevenage","Stevenage","L1",2,65448,0,FALSE
986,"M","LUKE HANNANT","LUKE HANNANT","Oldham","Oldham","L2",2,94457,0,FALSE
987,"M","LUKE HANNANT","LUKE HANNANT","Rochdale","Oldham","L2",2,94457,0,FALSE
988,"M","LUKE YOUNG","LUKE YOUNG","Cheltenham","Cheltenham","L2",2,58272,0,FALSE
989,"M","MADS FROKJAER","MADS ROERSLEV","Preston","Southampton","CH",2,98626,0.205128205128205,TRUE
990,"M","MALIK MOTHERSILLE","MALIK MOTHERSILLE","Stockport","Stockport","L1",2,147135,0,FALSE
991,"M","MAMADI CAMARA","MAMADI CAMARA","Reading","Reading","L1",2,137270,0,FALSE
992,"M","MARSHALL MUNETSI","MARSHALL MUNETSI","Wolves","Wolves","CH",2,119805,0,FALSE
993,"M","MATT GRIMES","MATT GRIMES","Coventry","Coventry","PL",2,71589,0,FALSE
994,"M","MATT PHILLIPS","MATT PHILLIPS","Stevenage","Stevenage","L1",2,49017,0,FALSE
995,"M","MAX ANDERSON","MAX ANDERSON","Crawley","Crawley","L2",2,94037,0,FALSE
997,"M","MILLENIC ALLI","MILLENIC ALLI","Portsmouth","Charlton","CH",2,137112,0,FALSE
998,"M","MITCH PINNOCK","MITCH PINNOCK","Bromley","Bromley","L1",2,69850,0,FALSE
999,"M","MYLES HIPPOLYTE","MYLES HIPPOLYTE","Wimbledon","Wimbledon","L1",2,76588,0,FALSE
1000,"M","NATHANIEL CHALOBAH","NATHANIEL CHALOBAH","Sheffield Wednesday","Sheffield Wednesday","L1",2,57093,0,FALSE
1001,"M","NICO GONZALEZ","NICO GONZALEZ","Manchester City","Manchester City","PL",2,143010,0,FALSE
1002,"M","NICOLAS DOMINGUEZ","NICOLAS DOMINGUEZ","Nottingham Forest","Nottingham Forest","PL",2,124694,0,FALSE
1003,"M","OLIVER SKIPP","OLIVER SKIPP","Leicester","Leicester","L1",2,107032,0,FALSE
1004,"M","OWEN LUNT","OWEN LUNT","Crewe","Crewe","L2",2,165243,0,FALSE
1005,"M","PADDY LANE","PADDY LANE","Reading","Reading","L1",2,136391,0,FALSE
1006,"M","PAPE MATAR SARR","PAPE MATAR SARR","Tottenham","Tottenham","PL",2,134994,0,FALSE
1007,"M","PAUL GLATZEL","PAUL GLATZEL","Swindon","Swindon","L2",2,121903,0,FALSE
1008,"M","RANDELL WILLIAMS","RANDELL WILLIAMS","Reading","Reading","L1",2,110348,0,FALSE
1009,"M","REECE BROWN","REECE BROWN","Crawley","Crawley","L2",2,72476,0,FALSE
1010,"M","REECE SMITH","REECE SMITH","Harrogate","Walsall","L2",2,129111,0,FALSE
1011,"M","REGAN SLATER","REGAN SLATER","Hull","Hull","CH",2,99457,0,FALSE
1012,"M","REKEEM HARPER","KADEEM HARRIS","Barrow","Gillingham","L2",2,52670,0.242165242165242,TRUE
1013,"M","RIO NGUMOHA","RIO NGUMOHA","Liverpool","Liverpool","PL",2,188588,0,FALSE
1014,"M","ROCCO VATA","ROCCO VATA","Watford","Watford","CH",2,143833,0,FALSE
1015,"M","RODRI","RODRI","Manchester City","Manchester City","PL",2,89571,0,FALSE
1016,"M","ROMAIN ESSE","ROMAIN ESSE","Coventry","Crystal Palace","PL",2,171361,0,FALSE
1017,"M","RYAN CHRISTIE","RYAN CHRISTIE","Bournemouth","Bournemouth","PL",2,45774,0,FALSE
1018,"M","RYAN LONGMAN","RYAN LONGMAN","Wrexham","Wrexham","CH",2,108275,0,FALSE
1019,"M","SAM CLUCAS","SAM CLUCAS","Shrewsbury","Shrewsbury","L2",2,51917,0,FALSE
1020,"M","SAM FINLEY","SAM FINLEY","Tranmere","Tranmere","L2",2,81221,0,FALSE
1021,"M","SAM SILVERA","SAM SILVERA","Middlesbrough","Middlesbrough","CH",2,123836,0,FALSE
1022,"M","SAMMY BRAYBROOKE","SAMMY BRAYBROOKE","Chesterfield","Leicester","L1",2,149122,0,FALSE
1023,"M","SASA LUKIC","SASA LUKIC","Fulham","Fulham","PL",2,83825,0,FALSE
1024,"M","SCOTT ROBERTSON","SCOTT ROBERTSON","Notts County","Notts County","L1",2,114860,0,FALSE
1025,"M","SHAUN MCWILLIAMS","SHAUN MCWILLIAMS","Rotherham","Cheltenham","L2",2,81353,0,FALSE
1026,"M","TAYLOR PERRY","TAYLOR PERRY","Shrewsbury","Exeter","L2",2,115850,0,FALSE
1027,"M","THEO ARCHIBALD","THEO ARCHIBALD","Leyton Orient","Leyton Orient","L1",2,94576,0,FALSE
1028,"M","TOM CAIRNEY","TOM CAIRNEY","Fulham","Fulham","PL",2,52126,0,FALSE
1029,"M","TYLER ADAMS","TYLER ADAMS","Bournemouth","Bournemouth","PL",2,91306,0,FALSE
1030,"M","TYLER GOODRHAM","TYLER GOODRHAM","Oxford","Oxford","L1",2,124903,0,FALSE
1031,"M","TYREEQ BAKINSON","TYREEQ BAKINSON","Leyton Orient","Leyton Orient","L1",2,91438,0,FALSE
1032,"M","WES BURNS","WES BURNS","Ipswich","Ipswich","PL",2,68834,0,FALSE
1034,"M","XAVIER SIMONS","XAVIER SIMONS","Bolton","Bolton","CH",2,125464,0,FALSE
1035,"M","YOURI TIELEMANS","YOURI TIELEMANS","Aston Villa","Manchester United","PL",2,70959,0,FALSE
1036,"M","YU HIRAKAWA","YU HIRAKAWA","Bristol City","Bristol City","CH",2,160939,0,FALSE
1037,"M","ZACK NELSON","ZACK NELSON","Wimbledon","Wimbledon","L1",2,165854,0,FALSE
1038,"M","ZECH OBIERO","ZECH OBIERO","Tranmere","Leyton Orient","L1",2,143884,0,FALSE
1039,"M","AARON LEWIS","AARON LEWIS","Mansfield","Mansfield","L1",1,96407,0,FALSE
1040,"M","AARON ROWE","AARON ROWE","Gillingham","Gillingham","L2",1,119176,0,FALSE
1041,"M","ADAM WHARTON","ADAM WHARTON","Crystal Palace","Crystal Palace","PL",1,149125,0,FALSE
1042,"M","ADE ADEYEMO","ADE ADEYEMO","Crawley","Crawley","L2",1,135676,0,FALSE
1043,"M","ALEX GILBERT","ALEX GILBERT","Middlesbrough","Middlesbrough","CH",1,137168,0,FALSE
1044,"M","ALEX LOWRY","ALEX NEWBY","Wycombe","York","L2",1,85716,0.2,TRUE
1045,"M","ANDRE","ANDRE","Wolves","Wolves","CH",1,146470,0,FALSE
1046,"M","ANDREW MORAN","ANDREW MORAN","Preston","Preston","CH",1,133551,0,FALSE
1047,"M","ANTHONY GOMEZ-MANCINI","ANTHONY MANCINI","Rochdale","Rochdale","L2",1,116170,0.0952380952380952,FALSE
1048,"M","ANTHONY HARTIGAN","ANTHONY ELANGA","Barnet","Newcastle","PL",1,125650,0.172619047619048,TRUE
1049,"M","AZEEM ABDULAI","SAM ALABI","Leyton Orient","Newcastle","PL",1,211480,0.227742165242165,TRUE
1050,"M","AZOR MATUSIWA","AZOR MATUSIWA","Ipswich","Ipswich","PL",1,111745,0,FALSE
1052,"M","BEN MIDDLEMAS","BEN MIDDLEMAS","Swindon","Swindon","L2",1,145328,0,FALSE
1053,"M","BEN PEARSON","BEN PEARSON","Stoke","Stoke","CH",1,80601,0,FALSE
1054,"M","BEN WOODS","BEN WOODS","Peterborough","Peterborough","L1",1,172833,0,FALSE
1055,"M","BERTRAND TRAORE","FARREND RAWSON","Sunderland","Accrington","L2",1,77612,0.23968253968254,TRUE
1056,"M","BILLY BLACKER","BILLY BLACKER","Tranmere","Sheffield United","CH",1,189694,0,FALSE
1057,"M","BOUBACAR KAMARA","BOUBACAR KAMARA","Aston Villa","Aston Villa","PL",1,99992,0,FALSE
1058,"M","CALLUM STEWART","CALLUM STEWART","Shrewsbury","Shrewsbury","L2",1,196201,0,FALSE
1059,"F","CALLUM STEWART","CALLUM STEWART","Shrewsbury","Shrewsbury","L2",1,196201,0,FALSE
1060,"M","CAMERON BRAGG","CAMERON BRAGG","Southampton","Southampton","CH",1,144976,0,FALSE
1061,"M","CARLOS ALCARAZ","CHARLY ALCARAZ","Everton","Everton","PL",1,154676,0.0952380952380952,FALSE
1062,"M","CASPER DE NORRE","CASPER DE NORRE","Millwall","Millwall","CH",1,88920,0,FALSE
1063,"M","CHARLIE LAKIN","CHARLIE LAKIN","Walsall","Barnet","L2",1,110474,0,FALSE
1064,"M","CHARLIE LENNON","CHARLIE LENNON","Barnsley","Barnsley","L1",1,191189,0,FALSE
1065,"M","CHIEDOZIE OGBENE","CHIEDOZIE OGBENE","Sheffield United","Ipswich","PL",1,92936,0,FALSE
1066,"M","CHRIS RIGG","CHRIS RIGG","Sunderland","Sunderland","PL",1,171545,0,FALSE
1067,"M","CONNOR LEMONHEIGH-EVANS","CONNOR LEMONHEIGH-EVANS","Milton Keynes","Northampton","L2",1,100511,0,FALSE
1068,"M","CONNOR MAHONEY","CONOR MCCARTHY","Barrow","Northampton","L2",1,92935,0.19047619047619,TRUE
1069,"M","CONOR GALLAGHER","CONOR GALLAGHER","Tottenham","Tottenham","PL",1,116347,0,FALSE
1070,"M","CONOR MCGRANDLES","CONOR MCGRANDLES","Lincoln","Lincoln","CH",1,66004,0,FALSE
1071,"M","CRAIG HEWITT","CRAIG HEWITT","York","York","L2",1,167156,0,FALSE
1072,"M","DAICHI KAMADA","DAICHI KAMADA","Crystal Palace","Crystal Palace","PL",1,103730,0,FALSE
1073,"M","DAMOLA AJAYI","DAMOLA AJAYI","Doncaster","Tottenham","PL",1,166970,0,FALSE
1075,"M","DANIEL BATTY","DANIEL BATTY","York","York","L2",1,102837,0,FALSE
1076,"M","DANIEL PHILLIPS","DANIEL PHILLIPS","Stevenage","Stevenage","L1",1,124778,0,FALSE
1077,"M","DANIEL VOST","DANIEL VOST","Huddersfield","Huddersfield","L1",1,197130,0,FALSE
1078,"M","DARRAGH BURNS","DARRAGH LENIHAN","Grimsby","Middlesbrough","CH",1,74352,0.235897435897436,TRUE
1079,"M","DAVID AKINTOLA","DAVID AKINTOLA","Hull","Hull","CH",1,85625,0,FALSE
1080,"M","DECLAN FRITH","DECLAN FRITH","Peterborough","Peterborough","L1",1,144375,0,FALSE
1081,"M","DENNIS ADENIRAN","DENNIS ADENIRAN","Barnet","Barnet","L2",1,94678,0,FALSE
1082,"M","DIALLANG JAIYESIMI","DIALLANG JAIYESIMI","Barnet","Leyton Orient","L1",1,96030,0,FALSE
1083,"M","DION DE NEVE","DION DE NEVE","Blackburn","Blackburn","CH",1,142762,0,FALSE
1084,"M","DOUGLAS LUIZ","JOSHUA MULLINS","Aston Villa","Watford","CH",1,209753,0.294973544973545,TRUE
1085,"M","DYLAN LEVITT","DYLAN LEVITT","Leyton Orient","Leyton Orient","L1",1,120329,0,FALSE
1087,"M","EMILIO LAWRENCE","OLLIE PEARCE","Luton","York","L2",1,106633,0.237878787878788,TRUE
1088,"M","EMMANUEL OSADEBE","EMMANUEL ADEGBOYEGA","Barnet","Rotherham","L2",1,167565,0.14656432748538,TRUE
1089,"M","EMMERSON SUTTON","EMMERSON SUTTON","Harrogate","QPR","CH",1,205002,0,FALSE
1090,"M","ERIK RING","ELI KING","Lincoln","Cardiff","CH",1,145414,0.163359788359788,TRUE
1092,"M","ETHAN BRIERLEY","ETHAN BRIERLEY","Exeter","Huddersfield","L1",1,125641,0,FALSE
1093,"M","ETHAN COLEMAN","ETHAN COLEMAN","Gillingham","Gillingham","L2",1,124904,0,FALSE
1094,"M","ETHAN GALBRAITH","ETHAN GALBRAITH","Swansea","Stoke","CH",1,123381,0,FALSE
1095,"M","ETHAN NWANERI","ETHAN NWANERI","Arsenal","Arsenal","PL",1,166661,0,FALSE
1096,"M","EWAN HENDERSON","EWAN HENDERSON","Wycombe","Wycombe","L1",1,107051,0,FALSE
1097,"M","FACUNDO BUONANOTTE","FACUNDO BUONANOTTE","Chelsea","Brighton","PL",1,156320,0,FALSE
1099,"M","FINLEY BARBROOK","FINLEY BARBROOK","Colchester","Ipswich","PL",1,184956,0,FALSE
1100,"M","GAVIN KILKENNY","GAVIN KILKENNY","Swindon","Swindon","L2",1,123980,0,FALSE
1101,"M","GEORGE BIRCH","GEORGE BIRCH","Exeter","Exeter","L2",1,197746,0,FALSE
1102,"M","GEORGE BROADBENT","GEORGE BROADBENT","Doncaster","Doncaster","L1",1,129178,0,FALSE
1103,"M","GEORGE BYERS","GEORGE BYERS","Port Vale","Port Vale","L2",1,76796,0,FALSE
1104,"M","GEORGE LAPSLIE","GEORGE LAPSLIE","Bradford","Bradford","L1",1,99409,0,FALSE
1105,"M","GLENN MIDDLETON","GLENN MIDDLETON","Doncaster","Doncaster","L1",1,96029,0,FALSE
1106,"M","GRANIT XHAKA","GRANIT XHAKA","Sunderland","Sunderland","PL",1,57939,0,FALSE
1107,"M","GUSTAVO CABALLERO","GUSTAVO HAMER","Portsmouth","Sheffield United","CH",1,90804,0.168929110105581,TRUE
1108,"M","HAMZA CHOUDHURY","HAMZA CHOUDHURY","Leicester","Leicester","L1",1,90260,0,FALSE
1109,"M","HANNIBAL","HANNIBAL MEJBRI","Burnley","Burnley","CH",1,127038,0.155555555555556,FALSE
1110,"M","HARRISON NEAL","HARRISON NEAL","Fleetwood","Fleetwood","L2",1,144194,0,FALSE
1111,"M","HARRY HOWELL","HARRY HOWELL","Brighton","Brighton","PL",1,187243,0,FALSE
1112,"M","HARVEY ELLIOTT","HARVEY ELLIOTT","Aston Villa","Liverpool","PL",1,116281,0,FALSE
1113,"M","ILIAS CHAIR","ILIAS CHAIR","QPR","QPR","CH",1,106669,0,FALSE
1114,"M","ISAIAH JONES","ISAIAH JONES","Luton","Luton","L1",1,129155,0,FALSE
1115,"M","IVAN VARFOLOMEEV","IVAN VARFOLOMEEV","Lincoln","Lincoln","CH",1,137984,0,FALSE
1116,"M","JACK PERKINS","JACK PERKINS","Northampton","Northampton","L2",1,181224,0,FALSE
1117,"M","JADON SANCHO","JAIDON ANTHONY","Aston Villa","Brentford","PL",1,133914,0.150793650793651,TRUE
1118,"M","JAKE REEVES","JAKE REEVES","Wimbledon","Wimbledon","L1",1,60997,0,FALSE
1119,"M","JAMALDEEN JIMOH-ALOBA","JAMALDEEN JIMOH-ALOBA","Aston Villa","Aston Villa","PL",1,186269,0,FALSE
1120,"M","JAMES BALL","JAMES BALL","Swindon","Swindon","L2",1,94572,0,FALSE
1121,"M","JAMES MILNER","JAMES WILSON","Brighton","Cheltenham","L2",1,41453,0.166666666666667,TRUE
1122,"M","JAMES MILNER","JAMES TILLEY","Brighton","Wimbledon","L1",1,82566,0.166666666666667,TRUE
1123,"M","JAMES MILNER","JAMES WILSON","Brighton","Tottenham","PL",1,177381,0.166666666666667,TRUE
1124,"M","JAMES MILNER","JAMES BAILEY","Brighton","Stockport","L1",1,203287,0.166666666666667,TRUE
1125,"M","JAMES PLANT","JAMES PLANT","Tranmere","Tranmere","L2",1,164631,0,FALSE
1126,"M","JAMES SCANLON","JAMES SCANLON","Swindon","Manchester United","PL",1,174458,0,FALSE
1127,"M","JAMIE DONLEY","JAMIE DONLEY","Oxford","Tottenham","PL",1,165942,0,FALSE
1128,"M","JAMIE GITTENS","JAMIE GITTENS","Chelsea","Chelsea","PL",1,159590,0,FALSE
1129,"M","JAMIE JELLIS","JAMIE JELLIS","Walsall","Rotherham","L2",1,158263,0,FALSE
1130,"M","JASON KNIGHT","JASON KNIGHT","Bristol City","Bristol City","CH",1,120175,0,FALSE
1131,"M","JEAN-RICNER BELLEGARDE","JEAN-RICNER BELLEGARDE","Wolves","Wolves","CH",1,94371,0,FALSE
1132,"M","JENS CAJUSTE","JANNIK SCHUSTER","Ipswich","Brentford","PL",1,194039,0.233333333333333,TRUE
1133,"M","JEREMY MONGA","JEREMY MONGA","Leicester","Manchester City","PL",1,196702,0,FALSE
1134,"M","JOAO GOMES","JOAO GOMES","Wolves","Aston Villa","PL",1,146360,0,FALSE
1135,"M","JOE RALLS","JOE RALLS","Plymouth","Plymouth","CH",1,61254,0,FALSE
1136,"M","JOE WILLOCK","JOE WILLOCK","Newcastle","Newcastle","PL",1,104450,0,FALSE
1137,"M","JOEL COTTERILL","JOEL COTTERILL","Bristol Rovers","Swansea","CH",1,160347,0,FALSE
1138,"M","JOEL RANDALL","JOEL RANDALL","Bolton","Bolton","CH",1,109254,0,FALSE
1139,"M","JOHN FLECK","JOHN FLECK","Chesterfield","Chesterfield","L2",1,47136,0,FALSE
1140,"M","JOHN LUNDSTRAM","JOSH LAURENT","Hull","Burnley","CH",1,74251,0.234126984126984,TRUE
1141,"M","JONATHAN VARANE","JONATHAN VARANE","QPR","QPR","CH",1,139099,0,FALSE
1142,"M","JONNY SMITH","JONNY SMITH","Gillingham","Wigan","L1",1,90268,0,FALSE
1143,"M","JONNY WILLIAMS","JONNY WILLIAMS","Gillingham","Gillingham","L2",1,60563,0,FALSE
1144,"M","JORDAN BROWN","JORDAN BROWN","Blackpool","Blackpool","L1",1,130261,0,FALSE
1145,"M","JORDAN HENDERSON","JORDAN HENDERSON","Brentford","Chelsea","PL",1,49999,0,FALSE
1146,"M","JORDAN SHIPLEY","JORDAN SHIPLEY","Port Vale","Cheltenham","L2",1,94503,0,FALSE
1147,"M","JOSH MCEACHRAN","JOSH MCEACHRAN","Bristol Rovers","Bristol Rovers","L2",1,56764,0,FALSE
1148,"M","JOSH SCOWEN","JOSH SCOWEN","Wycombe","Wycombe","L1",1,58778,0,FALSE
1149,"M","JUNIOR HOILETT","JUNIOR HOILETT","Swindon","Swindon","L2",1,52010,0,FALSE
1150,"M","KAMIL CONTEH","KAMIL CONTEH","Bristol Rovers","Bromley","L1",1,148917,0,FALSE
1151,"M","KARAMOKO DEMBELE","KARAMOKO DEMBELE","QPR","QPR","CH",1,120231,0,FALSE
1152,"M","KAROY ANDERSON","KAROY ANDERSON","Blackpool","Blackpool","L1",1,166565,0,FALSE
1153,"M","KEANAN BENNETTS","KEENAN PATTEN","Notts County","Newport","L2",1,124416,0.175641025641026,TRUE
1154,"M","KEVIN MCDONALD","KEVIN MCDONALD","Exeter","Exeter","L2",1,42103,0,FALSE
1155,"M","KIERAN DOWELL","KIERAN DOWELL","Hull","Hull","CH",1,79781,0,FALSE
1156,"M","KOBBIE MAINOO","KOBBIE MAINOO","Manchester United","Manchester United","PL",1,145084,0,FALSE
1157,"M","KYLE MCADAM","KYLE MCFADZEAN","Mansfield","Chesterfield","L2",1,42176,0.125541125541126,TRUE
1158,"M","LEO WALTA","LEO WALTA","Swansea","Swansea","CH",1,141376,0,FALSE
1159,"M","LEON BAILEY","LEON BAILEY","Aston Villa","Aston Villa","PL",1,87296,0,FALSE
1160,"M","LEWIS FIORINI","LEWIS FIORINI","Stockport","Stockport","L1",1,116338,0,FALSE
1161,"M","LIAM WALSH","LIAM WALSH","Luton","Luton","L1",1,89679,0,FALSE
1162,"M","LOUIE WATSON","LOUIE WATSON","Crawley","Crawley","L2",1,125729,0,FALSE
1163,"M","LUCAS BERGVALL","LUCAS BERGVALL","Tottenham","Tottenham","PL",1,171000,0,FALSE
1164,"M","LUKE BERRY","LUKE BERRY","Charlton","Charlton","CH",1,53906,0,FALSE
1165,"M","LUKE BUTTERFIELD","LUKE BUTTERFIELD","Accrington","Chesterfield","L2",1,144983,0,FALSE
1166,"M","MAGNUS WESTERGAARD","JANNIK VESTERGAARD","Wycombe","Leicester","L1",1,58181,0.223646723646724,TRUE
1167,"M","MARTIN ODEGAARD","MARTIN ODEGAARD","Arsenal","Arsenal","PL",1,75804,0,FALSE
1168,"M","MASSIMO LUONGO","MASSIMO LUONGO","Millwall","Millwall","CH",1,62453,0,FALSE
1170,"M","MATT O'RILEY","MATT O'RILEY","Brighton","Brighton","PL",1,106668,0,FALSE
1171,"M","MATT PALMER","MATT PALMER","Notts County","Notts County","L1",1,66698,0,FALSE
1172,"M","MATT RITCHIE","MATT RITCHIE","Reading","Reading","L1",1,50014,0,FALSE
1173,"M","MATT SMITH","MATT SMITH","Wigan","Wigan","L1",1,116945,0,FALSE
1174,"M","MAX DOWMAN","MAX DOWMAN","Arsenal","Arsenal","PL",1,199967,0,FALSE
1175,"M","MERLIN ROHL","MERLIN ROHL","Everton","Everton","PL",1,136879,0,FALSE
1176,"M","MICHAEL JACOBS","MICHAEL JACOBS","Northampton","Northampton","L2",1,51897,0,FALSE
1177,"M","MICHAEL OLAKIGBE","MICHAEL ANI","Swindon","Portsmouth","CH",1,200868,0.15530303030303,TRUE
1178,"M","NATHAN MORIAH-WELSH","NATHAN MORIAH-WELSH","Mansfield","Mansfield","L1",1,138581,0,FALSE
1179,"M","NICK FREEMAN","NICK FREEMAN","Shrewsbury","Gillingham","L2",1,92754,0,FALSE
1180,"M","NICK POWELL","NICK POWELL","Bradford","Bradford","L1",1,55513,0,FALSE
1181,"M","OLIVER COOPER","OLLIE COOPER","Wigan","Notts County","L1",1,115462,0.0790598290598291,TRUE
1182,"M","OLIVER NORBURN","OLIVER NORBURN","Notts County","Oldham","L2",1,62490,0,FALSE
1184,"M","OMARI HUTCHINSON","OMARI HUTCHINSON","Nottingham Forest","Nottingham Forest","PL",1,140950,0,FALSE
1185,"M","OSSAMA ASHLEY","OSSAMA ASHLEY","Salford","Rotherham","L2",1,109594,0,FALSE
1187,"M","OWEN DALE","OWEN DALE","Plymouth","Oxford","L1",1,97027,0,FALSE
1188,"M","OWURA EDWARDS","OWURA EDWARDS","Colchester","Peterborough","L1",1,125178,0,FALSE
1190,"M","PASCAL GROSS","PASCAL GROSS","Brighton","Brighton","PL",1,54527,0,FALSE
1191,"M","PATRYK SYKUT","PATRYK SYKUT","Peterborough","Peterborough","L1",1,215687,0,FALSE
1192,"M","PHOENIX PATTERSON","PHOENIX PATTERSON","Stevenage","Stevenage","L1",1,117318,0,FALSE
1193,"M","RA'EES BANGURA-WILLIAMS","RAEES BANGURA-WILLIAMS","Millwall","Millwall","CH",1,201068,0.0144927536231885,FALSE
1194,"M","RAPHAEL BORGES RODRIGUES","RAPHAEL BORGES RODRIGUES","Wigan","Coventry","PL",1,125323,0,FALSE
1195,"M","REISS NELSON","REISS NELSON","Brentford","Arsenal","PL",1,104451,0,FALSE
1196,"M","RHYS BROWNE","RHYS BROWNE","Barnet","Barnet","L2",1,86850,0,FALSE
1197,"M","RHYS WALTERS","RHYS WALTERS","Port Vale","Port Vale","L2",1,167895,0,FALSE
1198,"M","ROB APTER","ROB APTER","Charlton","Charlton","CH",1,136092,0,FALSE
1199,"M","ROBBIE GOTTS","ROBBIE GOTTS","Doncaster","Doncaster","L1",1,117906,0,FALSE
1200,"M","RODRIGO BENTANCUR","RODRIGO BENTANCUR","Tottenham","Tottenham","PL",1,105849,0,FALSE
1201,"M","RYAN BROOM","RYAN BROOM","Cheltenham","Cheltenham","L2",1,86939,0,FALSE
1202,"M","RYAN FRASER","RYAN CROASDALE","Southampton","Port Vale","L2",1,73080,0.17965367965368,TRUE
1203,"M","RYAN HEDGES","RYAN HEDGES","Blackburn","Blackburn","CH",1,80677,0,FALSE
1204,"M","RYAN MCAIDOO","RYAN MCAIDOO","Manchester City","Manchester City","PL",1,199191,0,FALSE
1205,"M","RYAN STIRK","RYAN STIRK","Chesterfield","Chesterfield","L2",1,123395,0,FALSE
1207,"M","SAMUEL ILING-JUNIOR","SAMUEL ILING-JUNIOR","West Bromwich","Aston Villa","PL",1,161113,0,FALSE
1208,"M","SCOTT SMITH","MATT SMITH","Barrow","Wigan","L1",1,116945,0.157575757575758,TRUE
1209,"M","SEAMUS CONNEELY","SEAMUS CONNEELY","Accrington","Accrington","L2",1,55200,0,FALSE
1210,"M","SILKO THOMAS","SORBA THOMAS","Leicester","Stoke","CH",1,99660,0.166666666666667,TRUE
1211,"M","SIMON ADINGRA","SIMON ADINGRA","Sunderland","Sunderland","PL",1,138900,0,FALSE
1212,"M","SONTJE HANSEN","SONTJE HANSEN","Middlesbrough","Middlesbrough","CH",1,128354,0,FALSE
1213,"M","SOUNGOUTOU MAGASSA","SOUNGOUTOU MAGASSA","West Ham","West Ham","CH",1,149002,0,FALSE
1214,"M","STEVEN NZONZI","STEVEN NZONZI","Stoke","Stoke","CH",1,51626,0,FALSE
1215,"M","SULLIVAN BOOTH","SULLIVAN BOOTH","Gillingham","Gillingham","L2",1,218692,0,FALSE
1216,"M","THIERNO BALLO","THIERNO BARRY","Millwall","Everton","PL",1,179578,0.153846153846154,TRUE
1217,"M","TOM EDOZIE","TOM EDOZIE","Wolves","Wolves","CH",1,171160,0,FALSE
1218,"M","TOM NICHOLS","TOM NICHOLS","Swindon","Swindon","L2",1,59408,0,FALSE
1219,"M","TOM WATSON","TOM WATSON","Brighton","Leicester","L1",1,172185,0,FALSE
1220,"M","TOM WATSON","TOM WATSON","Brighton","Wigan","L1",1,177313,0,FALSE
1221,"M","TOMI HORVAT","TOMI HORVAT","Bristol City","Bristol City","CH",1,115355,0,FALSE
1222,"M","TOMMY MCDERMOTT","TOMMY MCDERMOTT","Shrewsbury","Burnley","CH",1,149128,0,FALSE
1223,"M","TONY SPRINGETT","TONY SPRINGETT","Norwich","Leyton Orient","L1",1,133533,0,FALSE
1224,"M","VITALY JANELT","VITALY JANELT","Brentford","Brentford","PL",1,100626,0,FALSE
1226,"M","WILL ALVES","WILL ALVES","Huddersfield","Leicester","L1",1,144521,0,FALSE
1227,"M","WILL VAULKS","WILL VAULKS","Oxford","Tranmere","L2",1,65293,0,FALSE
1228,"M","YEGOR YARMOLYUK","YEHOR YARMOLIUK","Brentford","Brentford","PL",1,130001,0.0888888888888889,FALSE
1229,"M","ZEIDANE INOUSSA","ZEIDANE INOUSSA","Swansea","Swansea","CH",1,137547,0,FALSE
1230,"F","ERLING HAALAND","ERLING HAALAND","Manchester City","Manchester City","PL",38,101493,0,FALSE
1231,"F","OLLIE PEARCE","OLLIE PEARCE","York","York","L2",34,106633,0,FALSE
1232,"F","EMMANUEL DIESERUVWE","EMMANUEL DIESERUVWE","Rochdale","Rochdale","L2",29,72487,0,FALSE
1233,"F","AARON DRINAN","AARON DRINAN","Swindon","Swindon","L2",25,104249,0,FALSE
1234,"F","IGOR THIAGO","IGOR THIAGO","Brentford","Brentford","PL",25,151107,0,FALSE
1235,"F","ZAN VIPOTNIK","ZAN VIPOTNIK","Swansea","Swansea","CH",25,137575,0,FALSE
1236,"F","DOM BALLARD","DOM BALLARD","Leyton Orient","Leyton Orient","L1",23,144974,0,FALSE
1237,"F","JAZE KABIA","JAZE KABIA","Grimsby","Grimsby","L2",23,129555,0,FALSE
1238,"F","ISMAILA SARR","ISMAILA SARR","Crystal Palace","Crystal Palace","PL",21,94668,0,FALSE
1239,"F","JAYDEN WAREHAM","JAYDEN WAREHAM","Exeter","Exeter","L2",21,128558,0,FALSE
1240,"F","KYLE WOOTTON","KYLE WOOTTON","Stockport","Stockport","L1",21,77148,0,FALSE
1241,"F","OLLIE WATKINS","OLLIE WATKINS","Aston Villa","Aston Villa","PL",21,74516,0,FALSE
1242,"F","VIKTOR GYOKERES","VIKTOR GYOKERES","Arsenal","Arsenal","PL",21,114280,0,FALSE
1243,"F","JOAO PEDRO","JOAO PEDRO","Chelsea","Chelsea","PL",20,128568,0,FALSE
1244,"F","JOSH STONES","JOSH STONES","York","York","L2",20,145869,0,FALSE
1245,"F","ASHLEY FLETCHER","ASHLEY FLETCHER","Blackpool","Huddersfield","L1",19,89684,0,FALSE
1246,"F","OLI MCBURNIE","OLIVER MCBURNIE","Hull","Hull","CH",19,73579,0.15,FALSE
1247,"F","HAJI WRIGHT","HAJI WRIGHT","Coventry","Coventry","PL",18,102802,0,FALSE
1248,"F","LORENT TOLAJ","LORENT TOLAJ","Plymouth","Bristol City","CH",18,126929,0,FALSE
1249,"F","ALASSANA JATTA","BALAZS TOTH","Notts County","Blackburn","CH",17,74862,0.287878787878788,TRUE
1250,"F","DANIEL KANU","DANIEL KANU","Walsall","Charlton","CH",17,156660,0,FALSE
1251,"F","HARRY LEONARD","HARRY LEONARD","Peterborough","Peterborough","L1",17,163827,0,FALSE
1252,"F","HUGO EKITIKE","HUGO EKITIKE","Liverpool","Liverpool","PL",17,131205,0,FALSE
1253,"F","KABONGO TSHIMANGA","KABONGO TSHIMANGA","Barnet","Barnet","L2",17,78913,0,FALSE
1254,"F","ARIBIM PEPPLE","ARIBIM PEPPLE","Plymouth","Plymouth","CH",16,165601,0,FALSE
1256,"F","JACK MARRIOTT","JACK MARRIOTT","Reading","Reading","L1",16,70010,0,FALSE
1257,"F","JEAN-PHILIPPE MATETA","JEAN-PHILIPPE MATETA","Crystal Palace","Crystal Palace","PL",16,94648,0,FALSE
1258,"F","MICHAEL CHEEK","MICHAEL CHEEK","Bromley","Bromley","L1",16,79412,0,FALSE
1259,"F","DAVID MCGOLDRICK","DAVID MCGOLDRICK","Barnsley","Mansfield","L1",15,37797,0,FALSE
1262,"F","JOE TAYLOR","JOE TAYLOR","Wigan","Huddersfield","L1",15,145236,0,FALSE
1263,"F","YOUSEF SALECH","YOUSEF SALECH","Cardiff","Cardiff","CH",15,140720,0,FALSE
1264,"F","CALLUM STEAD","CALLUM STEAD","Barnet","Cambridge","L1",14,160134,0,FALSE
1265,"F","DANNY WELBECK","DANNY WELBECK","Brighton","Chelsea","PL",14,48971,0,FALSE
1266,"F","ELLIS SIMMS","ELLIS SIMMS","Coventry","Coventry","PL",14,116941,0,FALSE
1267,"F","IGOR JESUS","IGOR JESUS","Nottingham Forest","Nottingham Forest","PL",14,194838,0,FALSE
1268,"F","JAMIE REID","JAMIE REID","Stevenage","Stevenage","L1",14,68053,0,FALSE
1269,"F","LEE BONIS","LEE BONIS","Chesterfield","Chesterfield","L2",14,134127,0,FALSE
1270,"F","MATTHEW DENNIS","MATTHEW DENNIS","Notts County","Burton","L1",14,133520,0,FALSE
1271,"F","TYRESE SHADE","TYRESE SHADE","Burton","Burton","L1",14,102376,0,FALSE
1272,"F","ADAM ARMSTRONG","ADAM ARMSTRONG","Wolves","Wolves","CH",13,74581,0,FALSE
1273,"F","BRANDON THOMAS-ASANTE","BRANDON THOMAS-ASANTE","Coventry","Coventry","PL",13,93901,0,FALSE
1274,"F","ELI JUNIOR KROUPI","JUNIOR KROUPI","Bournemouth","Bournemouth","PL",13,176613,0.245098039215686,FALSE
1275,"F","JAKE BEESLEY","JAKE BEESLEY","Burton","Bradford","L1",13,75654,0,FALSE
1277,"F","KIEFFER MOORE","KIEFFER MOORE","Wrexham","Wrexham","CH",13,70655,0,FALSE
1278,"F","NICKE KABAMBA","NICKE KABAMBA","Bromley","Bromley","L1",13,79543,0,FALSE
1279,"F","PATRICK BAMFORD","PATRICK BAMFORD","Sheffield United","Sheffield United","CH",13,62464,0,FALSE
1281,"F","TOMMY CONWAY","TOMMY CONWAY","Middlesbrough","Middlesbrough","CH",13,134873,0,FALSE
1282,"F","BENJAMIN SESKO","BENJAMIN SESKO","Manchester United","Manchester United","PL",12,120995,0,FALSE
1283,"F","BRYAN MBEUMO","BRYAN MBEUMO","Manchester United","Manchester United","PL",12,110888,0,FALSE
1284,"F","CARLTON MORRIS","CARLTON MORRIS","Derby","Derby","CH",12,77018,0,FALSE
1285,"F","CAULEY WOODROW","CAULEY WOODROW","Wycombe","Wycombe","L1",12,57719,0,FALSE
1286,"F","CHARLES VERNAM","CHARLES VERNAM","Grimsby","Grimsby","L2",12,96011,0,FALSE
1287,"F","EMIL RIIS","EMIL RIIS","Bristol City","Bristol City","CH",12,96012,0,FALSE
1288,"F","FABRIZIO CAVEGN","FABRIZIO CAVEGN","Bristol Rovers","Bristol Rovers","L2",12,166762,0,FALSE
1290,"F","MARCUS BROWNE","MARCUS BROWNE","Wimbledon","Wimbledon","L1",12,90114,0,FALSE
1291,"F","MASON BURSTOW","MASON BURSTOW","Bolton","Hull","CH",12,144491,0,FALSE
1292,"F","OLLIE PALMER","OLLIE PALMER","Swindon","Swindon","L2",12,57862,0,FALSE
1293,"F","RICHARLISON","RICHARLISON","Tottenham","Tottenham","PL",12,106787,0,FALSE
1294,"F","ROB STREET","ROB STREET","Lincoln","Lincoln","CH",12,137455,0,FALSE
1295,"F","WILL LANKSHEAR","WILL LANKSHEAR","Oxford","Middlesbrough","CH",12,166588,0,FALSE
1296,"F","DANIEL UDOH","DANIEL UDOH","Salford","Salford","L2",11,90653,0,FALSE
1297,"F","ELLIS HARRISON","ELLIS HARRISON","Bristol Rovers","Bristol Rovers","L2",11,59293,0,FALSE
1298,"F","EMRE TEZGEL","EMRE TEZGEL","Crewe","Wycombe","L1",11,149144,0,FALSE
1299,"F","GEORGE HIRST","GEORGE HIRST","Ipswich","Ipswich","PL",11,94672,0,FALSE
1300,"F","JAY STANSFIELD","JAY STANSFIELD","Birmingham","Birmingham","CH",11,128576,0,FALSE
1301,"F","JOSH MARCH","JOSH MARCH","Crewe","Crewe","L2",11,123635,0,FALSE
1302,"F","MARVIN DUCKSCH","MARVIN DUCKSCH","Birmingham","Birmingham","CH",11,70956,0,FALSE
1303,"F","NICK WOLTEMADE","NICK WOLTEMADE","Newcastle","Newcastle","PL",11,126191,0,FALSE
1304,"F","RHYS OATES","RHYS OATES","Mansfield","Mansfield","L1",11,69039,0,FALSE
1305,"F","RICHARD KONE","RICHARD KONE","QPR","QPR","CH",11,187443,0,FALSE
1306,"F","ROSS STEWART","ROSS STEWART","Southampton","Southampton","CH",11,115492,0,FALSE
1307,"F","SAM DALBY","SAM DALBY","Bolton","Bolton","CH",11,96035,0,FALSE
1308,"F","WILL EVANS","WILL EVANS","Mansfield","Mansfield","L1",11,96472,0,FALSE
1310,"F","BETO","BETO","Everton","Everton","PL",10,121804,0,FALSE
1311,"F","DEVANTE RODNEY","DEVANTE RODNEY","Rochdale","Rochdale","L2",10,100505,0,FALSE
1312,"F","GIDEON KODUA","GIDEON KODUA","Luton","Luton","L1",10,167659,0,FALSE
1313,"F","JORGEN STRAND LARSEN","JORGEN STRAND LARSEN","Crystal Palace","Crystal Palace","PL",10,101149,0,FALSE
1314,"F","JOSH COBURN","JOSH COBURN","Millwall","Millwall","CH",10,138500,0,FALSE
1315,"F","KELVIN EHIBHATIOMHAN","KELVIN ABREFA","Reading","Reading","L1",10,145829,0.231585081585082,FALSE
1316,"F","LUCA KJERRUMGAARD","LUCA KJERRUMGAARD","Watford","Watford","CH",10,163748,0,FALSE
1317,"F","LUCAS AKINS","LUCAS AKINS","Mansfield","Mansfield","L1",10,46484,0,FALSE
1318,"F","MATHEUS CUNHA","MATHEUS CUNHA","Manchester United","Manchester United","PL",10,105629,0,FALSE
1319,"F","MICHAEL MELLON","MICHAEL MELLON","Oldham","Burnley","CH",10,171864,0,FALSE
1321,"F","PATRICK AGYEMANG","PATRICK AGYEMANG","Derby","Derby","CH",10,174727,0,FALSE
1322,"F","RAUL JIMENEZ","RAUL JIMENEZ","Fulham","Wolves","CH",10,69582,0,FALSE
1323,"F","RUMARN BURRELL","RUMARN BURRELL","QPR","QPR","CH",10,116585,0,FALSE
1324,"F","YUKI OHASHI","YUKI OHASHI","Blackburn","Blackburn","CH",10,148463,0,FALSE
1325,"F","ANDY COOK","ANDY COOK","Grimsby","Grimsby","L2",9,52497,0,FALSE
1326,"F","BOJAN RADULOVIC","BOJAN RADULOVIC","Huddersfield","Huddersfield","L1",9,114312,0,FALSE
1327,"F","CALLUM ROBINSON","CALLUM ROBINSON","Cardiff","Cardiff","CH",9,72637,0,FALSE
1328,"F","CODY GAKPO","CODY GAKPO","Liverpool","Liverpool","PL",9,110166,0,FALSE
1329,"F","CYLE LARIN","CYLE LARIN","Southampton","Southampton","CH",9,81930,0,FALSE
1330,"F","IAN HENDERSON","IAN HENDERSON","Rochdale","Rochdale","L2",9,29475,0,FALSE
1331,"F","JOSH GORDON","JOSH GORDON","Barrow","Exeter","L2",9,107782,0,FALSE
1332,"F","MATTY STEVENS","MATTY STEVENS","Wimbledon","Wimbledon","L1",9,77819,0,FALSE
1333,"F","MIHAILO IVANOVIC","MIHAILO IVANOVIC","Millwall","Millwall","CH",9,161274,0,FALSE
1335,"F","OWEN OSENI","OWEN OSENI","Plymouth","Plymouth","CH",9,165502,0,FALSE
1337,"F","SAM SMITH","SAM SMITH","Wrexham","Wrexham","CH",9,99462,0,FALSE
1338,"F","WILLIAM OSULA","WILLIAM OSULA","Newcastle","Newcastle","PL",9,139385,0,FALSE
1339,"F","AARON CONNOLLY","AARON CONNOLLY","Leyton Orient","Leyton Orient","L1",8,107304,0,FALSE
1340,"F","BEN BRERETON DIAZ","BEN BRERETON","Derby","Southampton","CH",8,100711,0.0980392156862745,TRUE
1341,"F","BEN HOUSE","BEN HOUSE","Lincoln","Lincoln","CH",8,107768,0,FALSE
1342,"F","BILLY SHARP","BILLY SHARP","Doncaster","Doncaster","L1",8,38747,0,FALSE
1343,"F","DANNY ROSE","DANNY ANDREW","Barrow","Fleetwood","L2",8,71461,0.177777777777778,TRUE
1344,"F","DAVID STRELEC","DAVID STRELEC","Middlesbrough","Middlesbrough","CH",8,121536,0,FALSE
1345,"F","DEVANTE COLE","DEVANTE COLE","Luton","Luton","L1",8,77348,0,FALSE
1346,"F","FREDDIE DRAPER","FREDDIE DRAPER","Lincoln","Lincoln","CH",8,137310,0,FALSE
1347,"F","HARRY MCKIRDY","HARRY MCKIRDY","Crawley","Crawley","L2",8,96455,0,FALSE
1348,"F","JOSH SARGENT","JOSH LAURENT","Norwich","Burnley","CH",8,74251,0.111111111111111,TRUE
1349,"F","KEVIN SCHADE","KEVIN SCHADE","Brentford","Brentford","PL",8,136591,0,FALSE
1350,"F","KYLE JOSEPH","KYLE JOSEPH","Hull","Middlesbrough","CH",8,133312,0,FALSE
1351,"F","LOUIS APPERE","LOUIS APPERE","Cambridge","Cambridge","L1",8,95180,0,FALSE
1352,"F","MICAH MBICK","MICAH MBICK","Colchester","Charlton","CH",8,185807,0,FALSE
1353,"F","MIKE FONDOP","MIKE FONDOP","Oldham","Oldham","L2",8,92237,0,FALSE
1354,"F","MILUTIN OSMAJIC","MILUTIN OSMAJIC","Preston","Preston","CH",8,122552,0,FALSE
1355,"F","OMAR MARMOUSH","OMAR MARMOUSH","Manchester City","Manchester City","PL",8,129893,0,FALSE
1356,"F","PADDY MADDEN","PADDY MADDEN","Accrington","Accrington","L2",8,55027,0,FALSE
1357,"F","THIERNO BARRY","THIERNO BARRY","Everton","Everton","PL",8,179578,0,FALSE
1358,"F","TOM BLOXHAM","TOM BLOXHAM","Blackpool","Blackpool","L1",8,134142,0,FALSE
1359,"F","TOM EAVES","TOM EAVES","Northampton","Northampton","L2",8,52855,0,FALSE
1360,"F","WILL SWAN","WILL SWAN","Bradford","Bradford","L1",8,136564,0,FALSE
1362,"F","AARON PRESSLEY","AARON PRESSLEY","Walsall","Walsall","L2",7,125064,0,FALSE
1363,"F","ADAMA SIDIBEH","ADAMA SIDIBEH","Stockport","Stockport","L1",7,189156,0,FALSE
1364,"F","ALFIE MAY","ALFIE MAY","Huddersfield","Doncaster","L1",7,85708,0,FALSE
1365,"F","ANDRI GUDJOHNSEN","ANDRI GUDJOHNSEN","Blackburn","Blackburn","CH",7,144567,0,FALSE
1366,"F","BRIAN BROBBEY","BRIAN BROBBEY","Sunderland","Sunderland","PL",7,121665,0,FALSE
1367,"F","CALLUM WILSON","CALLUM WILSON","West Ham","Brentford","PL",7,51997,0,FALSE
1368,"F","CHARLIE KELMAN","CHARLIE KELMAN","Charlton","Charlton","CH",7,117404,0,FALSE
1369,"F","DONYELL MALEN","ED NOLAN","Aston Villa","Preston","CH",7,212632,0.253205128205128,TRUE
1370,"F","FABIO TAVARES","FABIO TAVARES","Burton","Rotherham","L2",7,115879,0,FALSE
1371,"F","GEORGE MILLER","GEORGE MILLER","Cheltenham","Cheltenham","L2",7,89639,0,FALSE
1372,"F","JERRY YATES","JERRY YATES","Sheffield Wednesday","Luton","L1",7,80225,0,FALSE
1373,"F","JOSH MAGENNIS","JOSH MAGENNIS","Exeter","Stevenage","L1",7,47648,0,FALSE
1374,"F","KAI HAVERTZ","KAI HAVERTZ","Arsenal","Arsenal","PL",7,96629,0,FALSE
1375,"F","KANE DRUMMOND","KANE DRUMMOND","Oldham","Oldham","L2",7,141224,0,FALSE
1377,"F","NAHKI WELLS","NAHKI WELLS","Luton","Luton","L1",7,58194,0,FALSE
1378,"F","RHIAN BREWSTER","RHIAN BREWSTER","Derby","Derby","CH",7,102580,0,FALSE
1379,"F","SHAYNE LAVERY","SHAYNE LAVERY","Cambridge","Cambridge","L1",7,84397,0,FALSE
1380,"F","STEPHEN HUMPHRYS","STEPHEN HUMPHRYS","Bradford","Bradford","L1",7,100006,0,FALSE
1381,"F","TATY CASTELLANOS","MATTY STEVENS","West Ham","Wimbledon","L1",7,77819,0.23525641025641,TRUE
1382,"F","TYLER SMITH","TYLON SMITH","Rochdale","QPR","CH",7,208647,0.121212121212121,TRUE
1383,"F","ADAM IDAH","ADAM IDAH","Swansea","Swansea","CH",6,123798,0,FALSE
1384,"F","BEN WAINE","BEN WAINE","Port Vale","Port Vale","L2",6,114477,0,FALSE
1385,"F","CAMERON ARCHER","CAMERON ARCHER","Southampton","Southampton","CH",6,124901,0,FALSE
1386,"F","CHED EVANS","CHED EVANS","Fleetwood","Fleetwood","L2",6,47379,0,FALSE
1387,"F","DANIEL JEBBISON","DANIEL JEBBISON","Preston","Bournemouth","PL",6,137139,0,FALSE
1388,"F","DOMINIC SOLANKE","DOMINIC SOLANKE","Tottenham","Tottenham","PL",6,78519,0,FALSE
1389,"F","EVANILSON","EVANILSON","Bournemouth","Bournemouth","PL",6,134073,0,FALSE
1390,"F","GABRIEL JESUS","GABRIEL JESUS","Arsenal","Arsenal","PL",6,91392,0,FALSE
1391,"F","JOE QUIGLEY","JOE QUIGLEY","Bristol Rovers","Bristol Rovers","L2",6,86860,0,FALSE
1392,"F","JOHNNY KENNY","NOHAN KENNEH","Bolton","Tranmere","L2",6,136089,0.222222222222222,TRUE
1393,"F","JORDAN AYEW","JORDAN AYEW","Leicester","Leicester","L1",6,56636,0,FALSE
1394,"F","JOSH MAJA","JOSH MARCH","West Bromwich","Crewe","L2",6,123635,0.174074074074074,TRUE
1395,"F","JOSH WOODS","JOSH WOODS","Accrington","Accrington","L2",6,143308,0,FALSE
1397,"F","NATHANIEL OPOKU","NATHANIEL OPOKU","Newport","Newport","L2",6,174194,0,FALSE
1398,"F","NIALL ENNIS","NIALL ENNIS","Blackpool","Blackpool","L1",6,105846,0,FALSE
1399,"F","OMAR BUGIEL","OMAR BOGLE","Wimbledon","Crewe","L2",6,79428,0.130976430976431,TRUE
1400,"F","PATSON DAKA","JASON SRAHA","Leicester","Burton","L1",6,143949,0.242424242424243,TRUE
1401,"F","RAYAN KOLLI","RAYAN KOLLI","QPR","QPR","CH",6,182241,0,FALSE
1402,"F","TOLU AROKODARE","TAYLOR MOORE","Wolves","Bristol Rovers","L2",6,82581,0.217460317460317,TRUE
1403,"F","TOM CANNON","THOMAS CANNON","Sheffield United","Sheffield United","CH",6,144978,0.126923076923077,FALSE
1404,"F","TYRESE CAMPBELL","TYRESE CAMPBELL","Sheffield United","Sheffield United","CH",6,96074,0,FALSE
1405,"F","WILL DAVIES","WILL DAVIES","Fleetwood","Fleetwood","L2",6,167207,0,FALSE
1406,"F","WILSON ISIDOR","WILSON ISIDOR","Sunderland","Sunderland","PL",6,116183,0,FALSE
1407,"F","BRANDON HANLAN","BRANDON HANLAN","Doncaster","Doncaster","L1",5,94485,0,FALSE
1408,"F","CHRIS WOOD","CHRIS WOOD","Nottingham Forest","Nottingham Forest","PL",5,51339,0,FALSE
1409,"F","DIVIN MUBAMA","DIVIN MUBAMA","Stoke","Manchester City","PL",5,165926,0,FALSE
1410,"F","FABIO BORINI","FABIO BORINI","Salford","Salford","L2",5,52228,0,FALSE
1411,"F","FLETCHER HOLMAN","FLETCHER HOLMAN","Swindon","Swindon","L2",5,169644,0,FALSE
1412,"F","IVAN AZON","GAVIN BAZUNU","Ipswich","Southampton","CH",5,122935,0.189814814814815,TRUE
1413,"F","JACK MULDOON","JACK RUDONI","Harrogate","Coventry","PL",5,119270,0.143939393939394,TRUE
1414,"F","JOE IRONSIDE","JOE IRONSIDE","Tranmere","Tranmere","L2",5,66015,0,FALSE
1415,"F","JOHN MARQUIS","JOHN MARQUIS","Shrewsbury","Shrewsbury","L2",5,52181,0,FALSE
1416,"F","KYLIAN KOUASSI","KYLIAN KOUASSI","Cambridge","Blackpool","L1",5,143711,0,FALSE
1417,"F","LEE NDLOVU","LEE NDLOVU","Notts County","Notts County","L1",5,90177,0,FALSE
1418,"F","LYNDON DYKES","LYNDON DYKES","Charlton","Charlton","CH",5,80989,0,FALSE
1419,"F","PAUL MULLIN","PAUL MULLIN","Bradford","Rotherham","L2",5,70542,0,FALSE
1420,"F","RANDAL KOLO MUANI","BRANDON POUANI","Tottenham","Burnley","CH",5,210984,0.234530175706646,TRUE
1421,"F","RONAN HALE","RONAN HALE","Gillingham","Gillingham","L2",5,111222,0,FALSE
1422,"F","RYAN ONE","RYAN ONE","Lincoln","Sheffield United","CH",5,163415,0,FALSE
1423,"F","SEB PALMER-HOULDEN","SEB PALMER-HOULDEN","Gillingham","Gillingham","L2",5,165629,0,FALSE
1424,"F","ALEXANDER ISAK","ALEXANDER ISAK","Liverpool","Liverpool","PL",4,88879,0,FALSE
1425,"F","ANTWOINE HACKFORD","ANTWOINE HACKFORD","Wimbledon","Wimbledon","L1",4,133197,0,FALSE
1426,"F","CHARLIE CATON","CHARLIE HATTON","Accrington","Grimsby","L2",4,210524,0.0732600732600733,TRUE
1427,"F","CHARLIE MCNEILL","CHARLIE MCNEILL","Sheffield Wednesday","Sheffield Wednesday","L1",4,144388,0,FALSE
1428,"F","COLBY BISHOP","COLBY BISHOP","Portsmouth","Portsmouth","CH",4,74316,0,FALSE
1429,"F","CONNOR JENNINGS","CONNOR JENNINGS","Tranmere","Tranmere","L2",4,63609,0,FALSE
1430,"F","COURTNEY BAKER-RICHARDSON","COURTNEY BAKER-RICHARDSON","Newport","Tranmere","L2",4,73572,0,FALSE
1431,"F","DANILO ORSI","DANILO ORSI","Crawley","Crawley","L2",4,114256,0,FALSE
1432,"F","EDDIE NKETIAH","EDDIE NKETIAH","Crystal Palace","Crystal Palace","PL",4,104454,0,FALSE
1433,"F","EVANN GUESSAND","EVANN GUESSAND","Crystal Palace","Aston Villa","PL",4,124994,0,FALSE
1434,"F","GEORGE LLOYD","GEORGE LLOYD","Shrewsbury","Shrewsbury","L2",4,107047,0,FALSE
1435,"F","JAKE BICKERSTAFF","JAKE BICKERSTAFF","Cheltenham","Cheltenham","L2",4,125236,0,FALSE
1436,"F","JAMAL LOWE","JAMAL LOWE","Sheffield Wednesday","Sheffield Wednesday","L1",4,66901,0,FALSE
1437,"F","JAMES COLLINS","JAMES COLLINS","Lincoln","Lincoln","CH",4,52650,0,FALSE
1438,"F","JOSH ANDREWS","JOSH ANDREWS","Gillingham","Grimsby","L2",4,137701,0,FALSE
1439,"F","KARLAN GRANT","KARLAN GRANT","West Bromwich","Charlton","CH",4,78150,0,FALSE
1440,"F","KRISTIAN DENNIS","CHRISTIAN DOIDGE","Tranmere","Newport","L2",4,77354,0.223358585858586,TRUE
1441,"F","MACAULAY LANGSTAFF","MACAULAY LANGSTAFF","Millwall","Salford","L2",4,106176,0,FALSE
1442,"F","MAMADOU DOUMBIA","MAMADOU DOUMBIA","Watford","Watford","CH",4,191105,0,FALSE
1443,"F","MARTIN SHERIF","MARTIN SHERIF","Port Vale","Everton","PL",4,171215,0,FALSE
1444,"F","MATHYS TEL","MATHYS TEL","Tottenham","Tottenham","PL",4,144206,0,FALSE
1445,"F","MILES LEABURN","MILES LEABURN","Charlton","Charlton","CH",4,165239,0,FALSE
1446,"F","RYAN LOFT","RYAN LOFT","Crawley","Cambridge","L1",4,90316,0,FALSE
1447,"F","SAMSON TOVIDE","SAMSON TOVIDE","Colchester","Colchester","L2",4,133806,0,FALSE
1448,"F","SINCLAIR ARMSTRONG","MARVIN ARMSTRONG","Bristol City","York","L2",4,164213,0.163359788359788,TRUE
1449,"F","TAIWO AWONIYI","TAIWO AWONIYI","Nottingham Forest","Nottingham Forest","PL",4,88816,0,FALSE
1450,"F","TYLER ROBERTS","TYLER ROBERTS","Mansfield","Mansfield","L1",4,82907,0,FALSE
1451,"F","VIVALDO SEMEDO","LANDON EMENALO","Watford","Chelsea","PL",4,188591,0.275132275132275,TRUE
1452,"F","WILL GOODWIN","WILL GOODWIN","Colchester","Gillingham","L2",4,134630,0,FALSE
1453,"F","WILL GRIGG","WILL GRIGG","Chesterfield","Chesterfield","L2",4,50818,0,FALSE
1454,"F","BENONY BREKI ANDRESSON","BENONY ANDRESSON","Stockport","Stockport","L1",3,142656,0.142992424242424,FALSE
1455,"F","BRADLEY IHIONVIEN","BRADLEY IHIONVIEN","Shrewsbury","Colchester","L2",3,160468,0,FALSE
1456,"F","COLE STOCKTON","COLE STOCKTON","Salford","Accrington","L2",3,63703,0,FALSE
1457,"F","CONOR MCALENY","CONOR MCGRANDLES","Harrogate","Lincoln","CH",3,66004,0.150641025641026,TRUE
1458,"F","DALE TAYLOR","DALE TAYLOR","Blackpool","Blackpool","L1",3,146018,0,FALSE
1459,"F","ELLIOTT NEVITT","ELLIOTT NEVITT","Cambridge","Oldham","L2",3,140587,0,FALSE
1460,"F","ETHAN WHEATLEY","ETHAN WHEATLEY","Bradford","Manchester United","PL",3,182604,0,FALSE
1461,"F","FEDERICO CHIESA","FEDERICO CHIESA","Liverpool","Liverpool","PL",3,90253,0,FALSE
1462,"F","GEORGINIO RUTTER","GEORGINIO RUTTER","Brighton","Brighton","PL",3,115097,0,FALSE
1463,"F","GUSTAV LINDGREN","GUSTAVO NUNES","Peterborough","Brentford","PL",3,180573,0.221367521367521,TRUE
1464,"F","HARRY GRAY","HARRY GRAY","Rotherham","Swindon","L2",3,183933,0,FALSE
1465,"F","HARRY GRAY","HARRY GRAY","Rotherham","Sheffield Wednesday","L1",3,205302,0,FALSE
1466,"F","HEE-CHAN HWANG","HWANG HEE-CHAN","Wolves","Wolves","CH",3,89327,0.206349206349206,FALSE
1467,"F","IWAN MORGAN","IWAN MORGAN","Shrewsbury","Brentford","PL",3,195231,0,FALSE
1468,"F","JAMILLE MATT","JAMES MCATEE","Walsall","Nottingham Forest","PL",3,126212,0.222222222222222,TRUE
1469,"F","JAYDEN STOCKLEY","JAYDEN STOCKLEY","Port Vale","Port Vale","L2",3,52400,0,FALSE
1470,"F","JOE GARNER","JOE GREY","Oldham","York","L2",3,126986,0.141666666666667,TRUE
1471,"F","JOSH DAVISON","JOSH DAVISON","Cheltenham","Shrewsbury","L2",3,126162,0,FALSE
1472,"F","JUSTIN OBIKWU","JUSTIN OBIKWU","Lincoln","QPR","CH",3,181845,0,FALSE
1473,"F","KAYDEN JACKSON","KAYDEN JACKSON","Bradford","Bradford","L1",3,71294,0,FALSE
1474,"F","KYOGO FURUHASHI","YUKI OHASHI","Birmingham","Blackburn","CH",3,148463,0.208080808080808,TRUE
1475,"F","LARS-JORGEN SALVESEN","LARS-JORGEN SALVESEN","Derby","Derby","CH",3,77497,0,FALSE
1476,"F","LYLE FOSTER","LYLE FOSTER","Burnley","Burnley","CH",3,119246,0,FALSE
1477,"F","MARC GUIU","MARC GUIU","Chelsea","Chelsea","PL",3,177693,0,FALSE
1478,"F","MARK HARRIS","MARK HARRIS","Oxford","Oxford","L1",3,100563,0,FALSE
1479,"F","MICHAEL SMITH","MICHAEL SMITH","Preston","Mansfield","L1",3,50130,0,FALSE
1480,"F","OLI HAWKINS","OLIVER HAWKINS","Barnet","Barnet","L2",3,78816,0.0714285714285715,FALSE
1481,"F","RUARI PATON","TRAVIS PATTERSON","Port Vale","Aston Villa","PL",3,145205,0.206439393939394,TRUE
1482,"F","RYAN HARDIE","RYAN HARDIE","Huddersfield","Wrexham","CH",3,78126,0,FALSE
1483,"F","SHAWN MCCOULSKY","SHAUN MCWILLIAMS","Harrogate","Cheltenham","L2",3,81353,0.223358585858586,TRUE
1484,"F","STEFANOS TZIMAS","STEFANOS TZIMAS","Brighton","Brighton","PL",3,172568,0,FALSE
1485,"F","TAMMY ABRAHAM","TAMMY ABRAHAM","Aston Villa","Aston Villa","PL",3,91497,0,FALSE
1486,"F","TOM BRADSHAW","TOM BRADSHAW","Barnsley","Oxford","L1",3,51785,0,FALSE
1487,"F","WILL DICKSON","WILL DICKSON","Chesterfield","Chesterfield","L2",3,166483,0,FALSE
1488,"F","WILL KEANE","WILL KEANE","Reading","Preston","CH",3,63576,0,FALSE
1489,"F","YOANE WISSA","YOANE WISSA","Newcastle","Newcastle","PL",3,88182,0,FALSE
1490,"F","ADRIEN THIBAUT","ADRIEN THIBAUT","Crewe","Crewe","L2",2,196978,0,FALSE
1491,"F","AMAD DIALLO","AMAD DIALLO","Manchester United","Manchester United","PL",2,126206,0,FALSE
1492,"F","ARNAUD KALIMUENDO","ARNAUD KALIMUENDO","Nottingham Forest","Nottingham Forest","PL",2,125448,0,FALSE
1493,"F","ASHLEY BARNES","ASHLEY BARNES","Burnley","Burnley","CH",2,46576,0,FALSE
1494,"F","BAILEY CADAMARTERI","BAILEY CADAMARTERI","Wrexham","Wrexham","CH",2,167891,0,FALSE
1495,"F","CALUM KAVANAGH","CALUM KAVANAGH","Oldham","Oldham","L2",2,154923,0,FALSE
1496,"F","CHARALAMPOS KOSTOULAS","CHARALAMPOS KOSTOULAS","Brighton","Brighton","PL",2,195201,0,FALSE
1497,"F","CHRISTIAN SAYDEE","CHRISTIAN SAYDEE","Wigan","Wigan","L1",2,126933,0,FALSE
1498,"F","CHUBA AKPOM","CHUBA AKPOM","Ipswich","Ipswich","PL",2,68532,0,FALSE
1499,"F","CONOR CHAPLIN","CONOR CHAPLIN","Portsmouth","Leicester","L1",2,79825,0,FALSE
1500,"F","DANNY INGS","DANNY INGS","Sheffield United","Sheffield United","CH",2,52481,0,FALSE
1501,"F","DARYL DIKE","EDWARD LAKE","West Bromwich","Port Vale","L2",2,218783,0.199242424242424,TRUE
1502,"F","DAVID KAMARA","DAVID KAMARA","Peterborough","Peterborough","L1",2,168837,0,FALSE
1503,"F","DION CHARLES","DION CHARLES","Huddersfield","Blackpool","L1",2,71463,0,FALSE
1504,"F","ELIEZER MAYENDA","AURELE AMENDA","Sunderland","Coventry","PL",2,139369,0.231080031080031,TRUE
1505,"F","ENIS DESTAN","ENIS DESTAN","Hull","Hull","CH",2,138850,0,FALSE
1506,"F","ESAPA OSONG","SAM LONG","Fleetwood","Oxford","L1",2,66125,0.234848484848485,TRUE
1507,"F","ESAPA OSONG","SAM LONG","Fleetwood","Salford","L2",2,133396,0.234848484848485,TRUE
1508,"F","FRANCIS OKORONKWO","FRANCIS OKORONKWO","Doncaster","Doncaster","L1",2,165947,0,FALSE
1509,"F","GEORGE BROWN","GEORGE BROWN","Sheffield Wednesday","Sheffield Wednesday","L1",2,210106,0,FALSE
1510,"F","GERARD GARNER","GERARD GARNER","Newport","Newport","L2",2,106659,0,FALSE
1511,"F","JAKE EVANS","JAKE EVANS","Northampton","Leicester","L1",2,196831,0,FALSE
1512,"F","JAMES NORWOOD","JAMES NORWOOD","Fleetwood","Fleetwood","L2",2,51911,0,FALSE
1513,"F","JOHN MCATEE","JOHN MCATEE","Bolton","Bolton","CH",2,102653,0,FALSE
1514,"F","JORDAN HUGILL","JORDAN WILLIS","Rotherham","Northampton","L2",2,62916,0.153846153846154,TRUE
1515,"F","JOSHUA ZIRKZEE","JOSHUA ZIRKZEE","Manchester United","Manchester United","PL",2,113695,0,FALSE
1516,"F","KALY SENE","KALY SENE","Middlesbrough","Middlesbrough","CH",2,132893,0,FALSE
1517,"F","KELSEY MOONEY","KELSEY MOONEY","Accrington","Accrington","L2",2,115489,0,FALSE
1518,"F","LIAM DELAP","LIAM DELAP","Chelsea","Chelsea","PL",2,133497,0,FALSE
1519,"F","LOUIS FLOWER","LOUIS FLOWER","Crawley","Crawley","L2",2,145311,0,FALSE
1520,"F","MARCUS FORSS","MARCUS FORSS","Bolton","Middlesbrough","CH",2,96132,0,FALSE
1521,"F","MATTY GODDEN","MATTY GODDEN","Charlton","Charlton","CH",2,51791,0,FALSE
1522,"F","MILAN SMIT","MILAN SMIT","Stoke","Stoke","CH",2,159240,0,FALSE
1523,"F","MO FAAL","MO FAAL","Cheltenham","Port Vale","L2",2,133548,0,FALSE
1524,"F","PRINCEWILL EHIBHATIOMHAN","PRINCEWILL EHIBHATIOMHAN","Salford","Southampton","CH",2,209649,0,FALSE
1525,"F","PROMISE OMOCHERE","PROMISE OMOCHERE","Bristol Rovers","Bristol Rovers","L2",2,117184,0,FALSE
1526,"F","SAM GALLAGHER","SAM GALLAGHER","Stoke","Stoke","CH",2,73520,0,FALSE
1527,"F","SAM VOKES","SAM VOKES","Gillingham","Gillingham","L2",2,45720,0,FALSE
1528,"F","TANTO OLAOFE","TOSIN OLOPADE","Stockport","Salford","L2",2,182816,0.25997150997151,TRUE
1529,"F","TOM CURSONS","TOM CURTIS","Harrogate","Cheltenham","L2",2,212432,0.157575757575758,TRUE
1530,"F","TREY SAMUEL-OGUNSUYI","TREY OGUNSUYI","Shrewsbury","Sunderland","PL",2,197561,0.193589743589744,TRUE
1531,"F","TYLER WALKER","KYLE WALKER","Barrow","Burnley","CH",2,50562,0.085858585858586,TRUE
1532,"F","WILSON ODOBERT","WILSON ODOBERT","Tottenham","Tottenham","PL",2,163877,0,FALSE
1534,"F","AIDEN MARSH","JADEN MEARS","Harrogate","Stoke","CH",1,209499,0.121212121212121,TRUE
1535,"F","ALFIE LLOYD","ALFIE LLOYD","Lincoln","QPR","CH",1,136407,0,FALSE
1536,"F","ALI AL-HAMADI","ALI AL HAMADI","Luton","Ipswich","PL",1,146038,0.0512820512820513,TRUE
1537,"F","ANDREAS WEIMANN","ANDREAS WEIMANN","Derby","Derby","CH",1,55370,0,FALSE
1538,"F","ANJOLA POPOOLA","ALPHONSE AREOLA","Accrington","West Ham","CH",1,57822,0.28968253968254,TRUE
1539,"F","ARMANDO BROJA","ARMANDO BROJA","Burnley","Burnley","CH",1,123411,0,FALSE
1540,"F","AUGUST PRISKE","AUGUST PRISKE","Birmingham","Birmingham","CH",1,179346,0,FALSE
1541,"F","AUGUSTUS KARGBO","AUGUSTUS KARGBO","Blackburn","Blackburn","CH",1,114454,0,FALSE
1542,"F","BOBBY WALES","BOBBY WALES","Swansea","Swansea","CH",1,165753,0,FALSE
1543,"F","BRADLEY FINK","BRADLEY FINK","Wycombe","Wycombe","L1",1,160348,0,FALSE
1544,"F","BRITT ASSOMBALONGA","BRITT ASSOMBALONGA","Barnet","Barnet","L2",1,59419,0,FALSE
1545,"F","CALLUM MORTON","CALLUM BURTON","Bristol Rovers","Wrexham","CH",1,76810,0.148018648018648,TRUE
1546,"F","CAMERON GARDNER","CAMERON GARDNER","Grimsby","Grimsby","L2",1,183214,0,FALSE
1547,"F","CHUKS ANEKE","LUKAS HORNICEK","Shrewsbury","Newcastle","PL",1,139291,0.253727753727754,TRUE
1548,"F","DAJAUNE BROWN","DAJAUNE BROWN","Port Vale","Derby","CH",1,174067,0,FALSE
1549,"F","DAVID ABIMBOLA","DAVE ABIMBOLA","Accrington","Bolton","CH",1,198052,0.128815628815629,TRUE
1550,"F","DOM DWYER","DOM DWYER","Mansfield","Mansfield","L1",1,91128,0,FALSE
1551,"F","DONNELL MCNEILLY","NATHANIEL CLYNE","Wycombe","Crystal Palace","PL",1,50127,0.283964646464646,TRUE
1553,"F","ENES UNAL","ENES UNAL","Bournemouth","Bournemouth","PL",1,71736,0,FALSE
1554,"F","GASSAN AHADME","GASSAN AHADME","Stevenage","Cambridge","L1",1,125329,0,FALSE
1555,"F","GEORGE SEBINE","GEORGE SEBINE","Huddersfield","Huddersfield","L1",1,199160,0,FALSE
1556,"F","HARRY CORNICK","HARRY CORNICK","Stevenage","Bristol City","CH",1,72467,0,FALSE
1557,"F","HARRY SMITH","HARRY SMITH","Swindon","Swindon","L2",1,94740,0,FALSE
1558,"F","IKE UGBO","IKE UGBO","Sheffield Wednesday","Sheffield Wednesday","L1",1,96786,0,FALSE
1559,"F","JACK GRIEVES","JACK GRIEVES","Watford","Watford","CH",1,160709,0,FALSE
1560,"F","JACOB BROWN","JACOB BROWN","Portsmouth","Reading","L1",1,98332,0,FALSE
1561,"F","JAMES CROLE","JAMES CROLE","Newport","Newport","L2",1,172188,0,FALSE
1562,"F","JEMIAH UMOLU","JEREMIAH CHILOKOA-MULLEN","Bromley","Wigan","L1",1,133507,0.238636363636364,TRUE
1563,"F","JOE GARDNER","CHE GARDNER","Mansfield","Stockport","L1",1,196121,0.121212121212121,TRUE
1564,"F","JOE GBODE","JOSEPH GBODE","Gillingham","Shrewsbury","L2",1,146693,0.0833333333333334,TRUE
1566,"F","JOVAN MALCOLM","JOVAN MALCOLM","Barrow","Stevenage","L1",1,134564,0,FALSE
1567,"F","JUDE SOONSUP-BELL","JUDE SOONSUP-BELL","Grimsby","Grimsby","L2",1,144396,0,FALSE
1568,"F","KANE HEMMINGS","ZACH HEMMING","Barrow","Chesterfield","L2",1,96009,0.222934472934473,TRUE
1569,"F","KIAN HARRATT","KARLAN GRANT","Oldham","Charlton","CH",1,78150,0.240740740740741,TRUE
1570,"F","KLAIDI LOLOS","KLAIDI LOLOS","Crawley","Peterborough","L1",1,111911,0,FALSE
1571,"F","LASSE NORDAS","LASSE NORDAS","Luton","Luton","L1",1,139273,0,FALSE
1572,"F","LEO FARRELL","LEO FARRELL","Barnsley","Barnsley","L1",1,195991,0,FALSE
1573,"F","LEVI AMANTCHI","LEVI ANDOH","Rochdale","York","L2",1,136072,0.194871794871795,TRUE
1574,"F","LEWIS MCCANN","LEWIS MCCANN","Fleetwood","Fleetwood","L2",1,113396,0,FALSE
1575,"F","LORENZO LUCCA","LORENT TOLAJ","Nottingham Forest","Bristol City","CH",1,126929,0.222934472934473,TRUE
1576,"F","LOUIS MOULT","LOUIS MOULT","Crewe","Crewe","L2",1,52132,0,FALSE
1577,"F","MAKENZIE KIRK","MAKENZIE KIRK","Portsmouth","Barnsley","L1",1,144243,0,FALSE
1578,"F","MANNY DUKU","MANNY DUKU","Rochdale","Rochdale","L2",1,97784,0,FALSE
1579,"F","MARCUS DINANGA","MARCUS MCGUANE","Bromley","Huddersfield","L1",1,108212,0.223809523809524,TRUE
1580,"F","MARCUS EDWARDS","MARCUS EDWARDS","Burnley","Burnley","CH",1,93680,0,FALSE
1581,"F","MARCUS WYLLIE","MARCUS IFILL","Gillingham","Bromley","L1",1,124487,0.165811965811966,TRUE
1582,"F","MARK O'MAHONY","MARK O'MAHONY","Reading","Brighton","PL",1,166677,0,FALSE
1583,"F","MEES RIJKS","MEES RIJKS","Bristol Rovers","Bristol Rovers","L2",1,158819,0,FALSE
1584,"F","MICHAEL REINDORF","MICHAEL REINDORF","Newport","Cardiff","CH",1,196411,0,FALSE
1585,"F","NIK PRELEC","NICK POWELL","Oxford","Bradford","L1",1,55513,0.221212121212121,TRUE
1586,"F","OMAR BOGLE","OMAR BOGLE","Crewe","Crewe","L2",1,79428,0,FALSE
1587,"F","OWEN DEVONPORT","OWEN DODGSON","Fleetwood","Burnley","CH",1,144274,0.23941798941799,TRUE
1588,"F","PEMI ADEROJU","KESHI ANDERSON","Peterborough","Portsmouth","CH",1,81241,0.253968253968254,TRUE
1589,"F","ROBERT BOZENIK","ROBERT BOZENIK","Stoke","Stoke","CH",1,120637,0,FALSE
1590,"F","RODRIGO MUNIZ","RODRIGO MUNIZ","Fulham","Fulham","PL",1,144419,0,FALSE
1591,"F","RONAN COUGHLAN","RONAN COUGHLAN","Fleetwood","Fleetwood","L2",1,111602,0,FALSE
1593,"F","SONNY COX","SONNY COX","Exeter","Exeter","L2",1,133477,0,FALSE
1594,"F","TAYLAN HARRIS","TAYLAN HARRIS","Tranmere","Luton","L1",1,182818,0,FALSE
1595,"F","TAYO SINGERR","OLUTAYO SINGERR","Portsmouth","Portsmouth","CH",1,201394,0.122222222222222,FALSE
1596,"F","TOBI ADEYEMO","TOBI ADEYEMO","Crawley","Crawley","L2",1,172176,0,FALSE
1597,"F","TYRELL SELLARS-FLEMING","TYRELL SELLARS-FLEMING","Grimsby","Hull","CH",1,160469,0,FALSE
1598,"F","VICTOR ADEBOYEJO","VICTOR ADEBOYEJO","Mansfield","Bromley","L1",1,78593,0,FALSE
1599,"F","WILLIAM GRAINGER","WILL GRAINGER","Sheffield Wednesday","Sheffield Wednesday","L1",1,209868,0.126602564102564,FALSE
1600,"F","ZEPIQUENO REDMOND","ZEPIQUENO REDMOND","Huddersfield","Aston Villa","PL",1,162232,0,FALSE
